mfcc1,mfcc2,mfcc3,mfcc4,mfcc5,mfcc6,mfcc7,mfcc8,mfcc9,mfcc10,mfcc11,mfcc12,mfcc13,pitch,zcr,centroid,label
-34.671783,46.427185,-63.750427,-37.945095,-5.174286,-7.9783077,-11.592722,7.3375783,9.517365,-9.009621,-21.090189,-7.4552817,-6.077338,358.0149976039122,0.2082478151483051,1104.8935889767035,0
-31.87248,45.540585,-61.72917,-37.364166,-4.2862334,-7.800795,-10.694014,7.303071,9.929105,-8.755672,-20.46998,-7.6079116,-5.2303934,358.0145364680876,0.2101264565677966,1113.5998267716843,0
-34.671444,46.427967,-63.749702,-37.94445,-5.173616,-7.97743,-11.592191,7.3384223,9.517933,-9.009238,-21.089542,-7.4551063,-6.076827,358.01499396880433,0.2082478151483051,1104.8913195370737,0
-85.97538,86.630875,-79.04361,-17.63522,-37.965416,21.846724,-36.532772,19.399149,-11.420612,28.773478,-27.703768,2.4642873,-26.210688,318.33339022364953,0.1780571371822034,974.0371235665432,0
-73.42464,34.311512,-78.18082,-24.638401,-3.2435186,-9.444654,-3.3378134,14.391732,-7.669085,-22.883629,-11.609543,0.17786707,0.81969863,309.9969610342833,0.23881091101694915,1172.7256165235601,0
-33.682972,47.23656,-63.699024,-38.106174,-5.240642,-8.048563,-11.686752,7.1462226,9.358094,-9.069233,-21.31852,-7.7286973,-6.3903627,355.6776983489747,0.20810712394067796,1103.7569826854733,0
-65.07553,46.726223,-64.57386,-37.121513,-2.1981068,-5.989771,-11.181902,7.706067,10.365918,-8.629362,-21.416172,-8.459086,-6.3983436,357.5516450686402,0.21317093460648148,1113.2722807715766,0
-51.35339,88.08013,-59.38495,-22.281412,-16.072655,-1.1756859,-12.314146,-1.5245777,0.61678207,-12.499594,-9.319973,-13.819528,-2.889428,305.93063615634674,0.17451985677083334,932.7624448675261,0
-45.37268,81.845,-53.712738,-25.243536,-13.175882,-2.473926,-10.814342,-1.604395,0.68679076,-11.507649,-9.6319895,-13.090394,-2.6826513,305.9317153443198,0.1760525173611111,958.8571306154006,0
-51.353577,88.08003,-59.384842,-22.282045,-16.072445,-1.176025,-12.314257,-1.5249169,0.6166637,-12.499811,-9.319776,-13.819996,-2.889458,305.93063883339016,0.17451985677083334,932.7628515802504,0
-102.742035,129.70668,-73.22164,0.825148,-43.315247,19.860415,-28.744307,9.439578,-14.281625,10.80962,-20.576147,2.2378109,-26.254908,272.56508615516566,0.14860026041666666,807.6778059379238,0
-83.99244,75.105896,-71.69823,-11.520435,-14.665148,2.9006803,-15.903235,7.9867663,-16.605053,-10.215054,-15.421679,-2.0562532,-6.249113,343.27711171651293,0.18253580729166666,1013.8815291433891,0
-50.52763,89.60727,-58.66932,-21.808928,-16.196815,-1.512712,-12.784085,-1.7659594,0.35256523,-12.946499,-9.5451975,-14.17659,-3.0113401,305.5751844528552,0.1748725043402778,926.5429777662856,0
-76.455025,89.1966,-57.242886,-20.133661,-14.724114,-1.818151,-12.502996,-2.2761352,-0.3138566,-13.609565,-9.591134,-14.120031,-2.5473387,305.9409059134812,0.15857303503787878,918.9586224455502,0
-75.29395,69.47652,-39.382324,-20.25777,-0.3519066,0.46240255,-16.158533,-2.6357813,-15.651364,-16.545938,-8.706079,-8.037354,-8.1239395,323.1053717987527,0.1302734375,921.4385464344025,0
-70.17265,65.36054,-36.904633,-19.954325,-0.15631735,0.09839952,-14.934259,-3.2090976,-15.163991,-16.16943,-8.43678,-7.538253,-8.297109,323.107476343111,0.13332248263888888,941.4110686031778,0
-75.29386,69.47711,-39.381474,-20.257608,-0.35126027,0.46277708,-16.15808,-2.6352594,-15.650803,-16.54625,-8.704956,-8.03724,-8.123579,323.10537132941977,0.1302734375,921.4364448684221,0
-125.277214,103.734024,-52.88293,-0.64683646,-30.435375,24.706825,-33.333897,11.857792,-20.21256,-3.398611,-25.454563,0.5038769,-12.473382,287.8806173993536,0.11016710069444445,761.532697816501,0
-112.263115,61.99491,-51.2436,-9.129505,0.13640387,-3.7143598,-18.220201,-1.5231125,-24.89017,-2.972613,-14.896458,-4.2654996,-16.036081,362.9682012125186,0.1613064236111111,972.0862683831341,0
-73.694534,71.133835,-38.86391,-20.231873,-0.3185194,0.5707128,-15.864278,-2.3757217,-15.578877,-16.595917,-8.686098,-8.017451,-8.122789,322.99948150463865,0.1306423611111111,914.939977927271,0
-102.6678,72.011925,-37.80326,-19.292091,-0.6223587,0.47388667,-15.269845,-2.2386725,-16.391064,-16.908264,-9.228538,-9.540735,-8.955815,323.19825814416646,0.11760432545731707,883.9138184025198,0
-32.81053,64.75041,-44.563965,-25.503115,-10.679801,0.39147758,-19.562962,4.752218,0.19875091,-25.886776,-19.472654,-13.636948,-1.3863254,283.624558290537,0.15390625,1023.9480119478077,0
-30.203377,63.565987,-42.280895,-25.515606,-9.177301,0.48589036,-18.19175,5.0054955,1.3507857,-25.33247,-18.362946,-13.235653,-0.3832717,283.6238776809964,0.15397135416666666,1035.7545470553177,0
-32.811497,64.74999,-44.564407,-25.503735,-10.680181,0.3909416,-19.563313,4.751661,0.19846092,-25.887167,-19.473398,-13.63757,-1.386711,283.62455807875625,0.15390625,1023.9469569945338,0
-85.746025,108.7407,-59.44909,5.8721538,-40.951054,32.37587,-37.09907,12.762271,-11.821511,11.471879,-37.73655,-3.8714526,-31.772442,252.7293186572871,0.13560112847222222,889.7263838848895,0
-71.89935,53.785954,-55.38289,-16.84808,-8.1978035,-1.164847,-18.753567,12.270354,-30.25679,-21.554363,-13.459743,-1.0143298,-9.471599,318.35881086389423,0.18115234375,1087.5098861799495,0
-32.060337,65.42738,-43.99205,-25.070448,-10.057915,0.82492924,-19.192451,5.2055707,0.66445917,-25.612299,-19.211687,-13.459539,-1.0865222,283.75023683697407,0.15423177083333334,1023.2080569726239,0
-60.675674,65.70511,-42.852463,-23.05562,-8.625049,1.7037274,-20.538671,4.1961617,-0.51703686,-26.457418,-20.247267,-13.500813,-1.6489224,283.8120101415145,0.15523770960365854,1002.7428558564714,0
-69.80263,41.698452,-55.65074,-45.029236,2.4111044,8.187595,-28.28954,14.828458,-2.618405,-4.6909084,-24.383987,-14.41814,7.0713544,307.6582253557101,0.23682380445075757,1229.6257475200437,0
-64.78554,40.464832,-52.69763,-43.105114,3.348682,8.5329,-26.026695,13.946032,-1.1409018,-4.2428646,-23.273117,-13.683759,7.8276434,307.6545530038393,0.23799272017045456,1246.7583106937063,0
-69.8011,41.70008,-55.64862,-45.027336,2.4134662,8.189289,-28.2872,14.830534,-2.6157353,-4.688555,-24.381605,-14.415972,7.073775,307.6582192889241,0.23682380445075757,1229.6165848732182,0
-122.286545,82.47262,-72.21404,-19.812336,-40.739037,47.856983,-46.514935,17.318645,-12.078235,16.634394,-16.062706,-14.114163,-22.641014,274.0949650647958,0.21528764204545456,1089.7423991588112,0
-108.40735,31.649477,-68.92209,-32.752144,14.423316,-6.5142145,-15.461348,19.875568,-21.682337,-10.274114,-25.738531,15.524715,-10.958557,345.46929656328757,0.2597878196022727,1301.6033433360906,0
-68.614944,42.26003,-55.84538,-45.187733,2.2938442,7.9905643,-28.407875,14.723188,-2.6765473,-4.850903,-24.464972,-14.581518,6.9912195,307.8147223455897,0.23701615767045456,1228.1340087069864,0
-98.33667,43.20809,-54.485676,-44.27833,3.2859893,8.594059,-28.53077,14.587108,-3.364521,-4.723371,-24.261816,-15.079828,6.982955,307.79499153102296,0.22933756510416667,1212.4472842709513,0
-45.47203,49.482563,-59.814205,-32.312416,-1.2730914,11.795203,-25.496763,4.1540713,0.59728783,-5.653659,-16.641441,-1.9823815,-10.718784,315.43825273724804,0.18542710790094338,1106.4762226525568,0
-41.49133,47.766476,-57.05183,-32.2464,0.16770366,10.398117,-23.139515,2.8249154,2.0373526,-6.0240884,-15.094236,-2.6614494,-8.800435,315.43871333452637,0.18783166273584906,1120.2047894114987,0
-45.470947,49.483334,-59.812717,-32.311882,-1.2720124,11.795803,-25.495823,4.1542716,0.59825945,-5.6531167,-16.640612,-1.9818248,-10.717889,315.4382532771829,0.18542710790094338,1106.4671731296226,0
-98.28041,92.963295,-75.13516,-7.673014,-42.101093,44.207954,-38.503582,9.192895,-18.115297,18.039331,-24.983831,2.3835316,-17.706123,280.9049904437096,0.1697284050707547,958.9541659343334,0
-83.50797,34.787117,-67.23941,-22.714666,10.905522,-2.4123576,-21.682306,13.120792,-12.425383,-13.6379795,-10.885449,-3.9935272,-11.481963,354.2447353089313,0.2392025353773585,1195.8804566553647,0
-44.02277,50.12137,-59.269444,-31.992767,-0.8254967,11.77336,-25.311722,4.1494913,0.55234563,-5.7046795,-16.705784,-2.0438294,-10.566894,315.5957526563695,0.18422943691037735,1106.4034102575329,0
-74.24563,51.257412,-59.20284,-31.796488,-1.081735,10.146262,-26.255737,4.0778575,0.47444782,-5.433167,-16.608744,-2.6028328,-11.310233,315.3610968329485,0.19383748372395834,1076.2356518331953,0
-21.201204,55.427097,-81.38095,-65.21363,-33.718204,-7.7117376,-26.395136,-0.3251986,4.7005167,7.535203,-16.089523,-11.768681,-3.3149133,264.85989798124587,0.1861139112903226,1035.9975261178772,0
-17.68653,55.795467,-77.323,-64.26187,-30.735346,-6.912139,-23.959179,-0.19522132,6.6244636,7.396703,-14.951389,-12.064692,-2.5708904,264.85946588678195,0.18576738911290322,1044.1284620478505,0
-21.200949,55.427803,-81.38038,-65.21297,-33.718033,-7.711046,-26.395222,-0.32483616,4.700287,7.53538,-16.090025,-11.76899,-3.3154876,264.8598982303369,0.1861139112903226,1035.9960741049786,0
-71.947815,99.85424,-93.83683,-35.71407,-74.48376,17.815916,-45.81899,9.477321,-22.785517,27.609999,-10.129622,3.265818,-25.275888,241.91014112536698,0.1613060735887097,911.8558344358675,0
-50.9321,41.13096,-97.12013,-61.632683,-23.156136,-13.329043,-18.859682,12.821133,1.128775,-8.9918,-21.373789,7.119909,9.242483,295.02708210342746,0.20375504032258066,1106.3957227555857,0
-20.182768,55.66478,-81.42027,-64.99427,-34.16802,-8.199537,-26.4515,-0.6275249,4.875712,7.3264794,-16.201588,-11.727594,-3.521502,258.4564039822651,0.18609816028225806,1035.7372530690568,0
-45.764503,55.552773,-80.25489,-65.76475,-34.28392,-6.9847374,-26.238586,-0.05240787,4.6204886,7.763443,-16.176249,-10.946482,-1.9568875,276.2537661513123,0.18657575334821427,1043.7406177893383,0
-110.39181,0.64449185,-59.12537,-3.201608,12.948947,-11.956244,-16.71642,16.629612,-8.494923,-6.735752,-13.579488,5.239134,-10.226355,253.54774489478686,0.32380445075757575,1482.932908240334,0
-100.78201,0.50395066,-53.58356,-2.6452947,13.141131,-11.513637,-14.891891,15.689583,-6.564947,-6.7612915,-12.205826,4.722151,-9.03566,253.54784810170597,0.3253802675189394,1500.7783125459953,0
-110.39143,0.64584434,-59.12512,-3.199995,12.949965,-11.954389,-16.71537,16.630901,-8.493733,-6.7340536,-13.5784235,5.241023,-10.224981,253.54774636029194,0.32380445075757575,1482.920264137703,0
-155.54788,39.037975,-83.32639,10.199442,-13.270715,26.186262,-46.76589,26.185625,-14.246547,11.894464,-25.635105,1.0364007,-6.8011336,225.23420253418817,0.2970303622159091,1302.8199056727753,0
-152.81624,-12.602055,-58.38558,10.891984,6.1747546,-21.119354,0.7241624,10.239374,-17.71297,-4.90568,-5.14935,-0.9944591,-14.190659,284.67141825345095,0.35835404829545453,1610.2802727925937,0
-108.735855,1.7701597,-59.412003,-3.6144238,12.983201,-11.738535,-16.93082,16.953718,-8.152291,-6.83456,-13.589662,5.7015705,-9.929554,250.96224549594467,0.3236712831439394,1479.8771557542314,0
-138.7966,-1.337429,-60.862556,-4.2385926,13.265871,-11.515509,-16.606646,18.182447,-8.641827,-4.8614516,-13.804117,4.9321966,-11.4238615,258.451121294512,0.3282552083333333,1493.0901846468573,0
-88.15303,102.360664,-47.65093,-40.206894,17.277046,18.876219,-15.469828,-6.2427163,-5.736513,-4.467179,-13.009896,-19.366112,-4.0611887,233.1414685266196,0.16227213541666666,923.0343379067267,0
-75.62634,90.3616,-42.89139,-38.782642,15.465311,18.54891,-13.628736,-7.8227973,-4.4019647,-4.378365,-13.502177,-16.645235,-6.499501,233.14361229035077,0.16971028645833333,984.8093841726109,0
-88.15358,102.36026,-47.650364,-40.209156,17.278114,18.875624,-15.47095,-6.243238,-5.7361007,-4.4691668,-13.00937,-19.366356,-4.0623875,233.1414712227329,0.16227213541666666,923.0456871398048,0
-134.40007,137.15799,-57.708214,-22.604706,-25.739363,49.012047,-24.05783,10.748403,-22.324972,9.350382,-14.919297,-4.7631006,-22.043676,212.9329795099474,0.13868815104166668,803.6610046876992,0
-119.36812,93.94389,-67.11415,-19.193174,25.811823,5.434733,-25.092901,3.158422,-14.712916,-5.8368673,-28.269732,-0.06550361,-16.642761,267.25335818497246,0.185791015625,992.7192970037993,0
-88.049126,103.21189,-47.521194,-39.915565,17.495544,19.190035,-15.37222,-6.142221,-5.591849,-4.363257,-13.033115,-19.329233,-4.020279,240.22983759722652,0.16163736979166668,920.4686660303578,0
-107.885544,102.83535,-49.996143,-40.234978,17.941715,18.887318,-15.471523,-5.9432716,-5.654711,-4.939434,-13.741263,-19.262682,-4.3109202,237.42320988694098,0.15453197337962962,917.0996165721956,0
-80.473724,89.36145,-51.55437,-68.68581,-26.488993,23.390945,-12.750922,-6.20916,0.7887349,-4.238016,3.0088146,-14.691795,-4.1032133,272.0178873524129,0.18578361742424243,917.671863782251,0
-72.30677,83.87538,-47.45832,-67.2195,-24.51802,21.970163,-9.64101,-6.5137296,0.8707446,-2.7635722,2.569577,-13.848411,-3.685931,272.0191166502458,0.18647165009469696,942.2484020005812,0
-80.47326,89.36176,-51.553944,-68.684814,-26.488539,23.391846,-12.750164,-6.208401,0.7893555,-4.2373757,3.0091016,-14.691112,-4.102994,272.01788787055773,0.18578361742424243,917.6703174461194,0
-131.26254,124.65428,-50.95309,-41.149986,-67.687065,32.113613,-11.923011,4.004487,-11.925901,5.534527,-9.722945,11.2023,-21.133263,242.35673263566284,0.1701364228219697,796.4768544312635,0
-116.941246,80.063614,-72.95904,-61.19826,-3.0995271,21.918945,-26.28357,8.025,-9.064626,3.7381456,-14.719066,-4.4724655,3.2138422,305.4029898783329,0.21645655776515152,981.6884852058796,0
-79.997765,90.40669,-51.295128,-68.52779,-26.472368,23.401665,-12.753574,-5.997642,0.89732224,-4.1147895,3.0342062,-14.807419,-4.070738,272.0233909873817,0.18596857244318182,914.676676535795,0
-113.0443,90.74999,-49.974205,-66.49622,-24.985104,24.162403,-11.921156,-4.9990892,0.084990665,-5.4375663,1.396223,-15.557174,-4.7161474,272.02155693431274,0.1845703125,914.9949136722886,0
-42.365963,26.776182,-77.381966,-2.3074343,1.6886557,-3.599085,-14.094375,13.604352,-21.04289,-10.769087,-9.613199,-4.255571,-5.7639117,252.91956680142366,0.299501953125,1246.4354093505917,0
-38.58378,25.27191,-73.81382,-2.8202314,3.3464828,-3.9903731,-12.603337,12.86362,-19.30908,-10.99851,-8.524807,-3.6563005,-5.0784087,252.92040777985017,0.301748046875,1256.6791636912596,0
-42.365726,26.775904,-77.38171,-2.307329,1.6887535,-3.5986798,-14.094177,13.604509,-21.042913,-10.76919,-9.613047,-4.2556367,-5.763412,252.9195661015073,0.299501953125,1246.4365428081182,0
-92.53154,70.278435,-99.303986,11.315032,-20.617857,26.48615,-38.31343,24.656214,-16.714882,-3.2669888,-20.35299,-4.53723,-8.935265,228.46983998596863,0.243359375,1086.4249642699965,0
-79.39643,10.807716,-76.80408,11.404528,-2.1346722,-8.53779,-6.4578905,3.101362,-29.202753,3.110269,-16.28459,2.5631177,-17.94806,280.0356015605199,0.294033203125,1350.3769960317534,0
-40.084118,28.161718,-77.27222,-2.4526122,1.7108872,-3.6623132,-14.122531,13.339021,-20.991028,-10.775443,-9.365906,-4.14215,-5.490602,252.9199047371594,0.299716796875,1242.9530803246641,0
-74.131355,25.320665,-75.74075,-0.87894124,3.6034348,-3.5364,-13.543814,14.262494,-20.129005,-10.576677,-10.167483,-5.101749,-6.254098,249.92690874279964,0.27058211616847827,1257.8588749379421,0
-26.363623,58.411655,-57.061676,13.495769,-8.267798,-13.668482,-4.7450624,1.198645,-23.005596,-1.6542099,-8.185126,-15.995729,-2.9500449,251.09688188327357,0.11260395665322581,1069.474662385618,0
-23.360043,55.32734,-54.325253,11.711564,-6.960689,-14.219097,-4.021504,0.7584346,-22.328175,-2.0789523,-8.176457,-15.946643,-3.293545,251.09742393191294,0.11436806955645161,1081.0893680431539,0
-26.363874,58.41062,-57.061546,13.495298,-8.267638,-13.669209,-4.7445135,1.198034,-23.005041,-1.6552545,-8.184487,-15.996797,-2.949108,251.0968799684289,0.11260395665322581,1069.4757966887114,0
-71.58129,99.398254,-79.73457,29.502592,-22.72712,10.00233,-29.45952,24.126253,-26.883162,-4.001252,-9.156612,-3.8748672,-18.944004,223.76020609171806,0.1232516381048387,922.0675580142606,0
-60.15891,43.707867,-57.827435,18.481213,-21.318762,-7.923331,-4.8890877,-8.4548645,-19.892115,6.317348,-26.043516,1.6167156,-10.577928,281.68292383481776,0.15793535786290322,1148.931978753271,0
-24.833742,59.835587,-56.522057,12.847895,-8.062323,-13.830803,-4.5757494,1.2671857,-22.778498,-1.730886,-8.128157,-15.857623,-2.9785388,251.03821667989124,0.11406880040322581,1063.8246919570172,0
-54.6472,57.926773,-56.45548,15.122165,-7.5096655,-12.266189,-3.792975,1.1803933,-22.84271,-1.2628306,-7.949049,-16.657951,-3.996684,251.00583834237418,0.14244342672413793,1084.8080938631326,0
-48.522247,81.77777,-56.956272,-55.25698,-17.8948,4.9322786,-8.93534,16.001268,-6.352307,-4.4616537,-14.678103,-14.111494,-7.4264135,227.3350175097743,0.18311264935661764,994.4763922368012,0
-43.448555,77.394646,-53.979786,-55.081776,-17.263943,4.4182224,-7.014821,14.7765665,-4.9207244,-4.6426897,-14.216766,-13.557405,-7.412302,227.33691042614004,0.18396714154411764,1014.0669099702271,0
-48.521996,81.779755,-56.955704,-55.25541,-17.893837,4.9335885,-8.934215,16.002686,-6.350972,-4.460725,-14.676304,-14.110262,-7.4250326,227.33501585066566,0.18311264935661764,994.4723936424504,0
-102.80852,115.47122,-61.8295,-31.643204,-53.97682,22.979488,-28.991997,22.770945,-8.00235,6.7548385,-11.805153,-7.7832713,-16.480438,220.0223956520025,0.16338034237132354,864.2025496364612,0
-83.26858,71.04685,-74.96101,-47.83322,-5.7100596,5.347561,-2.8336475,12.481585,-20.201769,-3.326442,-25.262365,1.2404673,-13.768532,246.9008229828057,0.20369226792279413,1073.6037434182501,0
-46.275513,81.35699,-57.495407,-54.874928,-17.298103,4.81608,-8.972596,16.140707,-6.14323,-4.572499,-14.822216,-13.943044,-7.394432,227.1692786125015,0.18336397058823528,997.7784508167315,0
-80.79173,81.40216,-56.420235,-54.963547,-18.48761,5.1508856,-8.710369,16.618692,-5.1457787,-4.03888,-15.406181,-13.8367405,-6.2230725,250.13191994397633,0.1787896925403226,986.4870536210658,0
-21.327513,20.250252,-55.379833,-38.130188,8.922276,19.02678,-26.571476,7.065133,-19.826887,4.180908,-3.7910852,2.0390084,0.24636726,273.4493458545297,0.26720907521802323,1415.635133884054,0
-19.481798,19.874243,-54.40554,-37.46805,8.981103,18.817644,-25.756838,6.5543375,-19.284111,4.1092553,-3.4968903,2.1368074,0.3639018,273.44905139513116,0.2668400254360465,1420.0148870652322,0
-21.327312,20.250553,-55.379665,-38.129745,8.922351,19.02705,-26.571247,7.065238,-19.82635,4.1810904,-3.7905383,2.039508,0.24681415,273.4493451199485,0.26720907521802323,1415.6334095597947,0
-75.42093,62.63253,-76.75841,-12.100885,-41.29121,56.747593,-42.209743,22.035559,-26.91123,3.639998,-11.468626,4.0379276,-2.211771,248.78743615454604,0.23812227470930233,1231.1028755799648,0
-60.788246,8.969363,-62.805435,-24.615404,23.83285,-2.0617094,-21.376022,5.390607,-17.605776,13.028411,-13.73975,9.116448,-17.176905,303.75967110631586,0.28965865734011625,1518.7787312027226,0
-20.537615,20.423077,-55.66538,-38.454147,8.822671,19.161768,-26.56919,7.295782,-20.037924,4.1124787,-3.7897239,2.2238252,0.27639273,269.09628819541103,0.267078488372093,1415.8260288549668,0
-53.254345,20.62329,-54.98699,-37.991096,7.9825315,18.753849,-26.73368,7.046946,-18.631695,3.9988396,-4.3310623,1.5814581,-0.4241871,275.84379221168103,0.2631272536057692,1397.6755599623505,0
-40.103905,61.456375,-76.96405,-7.2599936,21.744076,-13.947771,-2.1927083,-0.5253282,-21.22134,-10.191413,-2.571658,-20.377695,-19.771688,295.952219485865,0.2684795673076923,1140.9233933876346,0
-36.78805,58.432693,-74.63858,-7.373425,21.50745,-12.825947,-2.2956216,-0.25452688,-20.426868,-10.351653,-1.8974952,-20.290903,-19.154684,295.9507083187292,0.2695500300480769,1150.5217726757353,0
-40.104195,61.458084,-76.96377,-7.2594748,21.745121,-13.947657,-2.1914458,-0.52502686,-21.220266,-10.19085,-2.5708058,-20.376913,-19.771212,295.9522187751921,0.2684795673076923,1140.9231450391953,0
-80.20851,96.23064,-89.32846,-5.369135,1.4795965,14.9513645,-26.570015,23.536633,-24.043617,-7.030905,-16.973257,7.342554,-26.480349,263.6371788161478,0.21550105168269232,1004.077066617543,0
-74.77624,49.31269,-86.37568,19.257961,8.134735,-14.262363,-1.8874563,-11.078856,-23.884203,0.32400778,-23.697947,-18.552187,-5.008013,332.46248568013164,0.27574744591346156,1238.481474083402,0
-36.12589,62.724155,-77.520096,-8.453843,21.6442,-12.854559,-1.2946216,-0.20279282,-21.040453,-10.574038,-2.9740028,-20.062498,-19.208494,296.05506188579403,0.2698317307692308,1135.1700441518105,0
-59.645935,62.277554,-77.42634,-7.8097653,21.093414,-13.445849,-1.4119917,-0.66171366,-22.166895,-11.125554,-1.7519058,-20.591896,-19.92415,295.6481946615196,0.24241129557291666,1129.4306200599797,0
-82.52307,65.870735,-46.787563,-22.2265,6.763666,-9.313922,-8.151751,13.058702,-16.400412,-12.578712,-21.04856,0.46453157,-11.348692,243.2054766679115,0.17402824026639344,990.8625864895027,0
-75.2655,60.308224,-43.287735,-21.56504,6.3317375,-8.752215,-7.0675673,11.957451,-14.463441,-13.320847,-19.317604,-0.4822125,-10.106841,243.2062643519203,0.17560514856557377,1017.7103576201744,0
-82.52472,65.86983,-46.788704,-22.227694,6.762799,-9.315462,-8.15338,13.057929,-16.402092,-12.579902,-21.049871,0.46294826,-11.349237,243.20547545718077,0.17402824026639344,990.8659842866793,0
-132.89923,100.82922,-58.86676,-6.723949,-19.851622,21.279533,-38.02672,28.231522,-16.079733,4.730863,-28.714758,-6.926993,-9.413847,216.72637789440026,0.15272797131147542,844.5627218832292,0
-117.341644,57.09862,-56.852688,-10.062017,6.2275977,-13.12577,1.6942214,-1.0312331,-26.03285,-11.604325,-11.51556,-0.88199794,-17.142508,273.2742949220785,0.18759605532786885,1036.717959172946,0
-80.47304,67.30953,-47.091133,-22.578491,6.840183,-9.277098,-7.9821954,13.247476,-16.485722,-12.86357,-21.220497,0.22979318,-11.5023155,243.21226128716106,0.17384413422131148,987.7431234727925,0
-113.088974,64.744804,-47.951653,-22.855547,7.606894,-9.515046,-8.89145,12.899359,-15.972491,-12.689184,-20.681461,1.6481779,-10.407686,243.29030206451785,0.17814275568181817,996.7848356770525,0
-19.459585,18.811834,-59.1259,-22.528458,15.117857,-4.802984,-7.6543636,12.530212,-17.901049,-13.001565,-2.8499212,3.2433748,-6.7422695,375.56357563615296,0.22609230324074073,1296.1954745611733,0
-17.617172,19.053553,-57.822754,-21.725246,15.121316,-4.969942,-7.530286,11.905872,-17.530998,-12.943567,-2.4239802,3.4521663,-6.076409,375.56175869180953,0.2281177662037037,1300.5450195088497,0
-19.459822,18.811691,-59.126244,-22.52882,15.117504,-4.802848,-7.6543612,12.530678,-17.900837,-13.001671,-2.8496137,3.2432506,-6.7422457,375.56357859141826,0.22609230324074073,1296.1969919018816,0
-58.74249,59.666386,-72.872955,-9.816334,-16.009035,26.91208,-36.16304,31.27825,-16.611383,0.9962716,-26.466965,11.636292,-8.393008,340.9644928492349,0.20478877314814814,1118.1643573283247,0
-62.6116,7.7841663,-70.208275,-3.4244578,14.277688,-9.874196,0.654441,-1.972052,-26.172115,3.83458,-2.1651876,-1.0144141,-12.610753,178.53393985180375,0.27589699074074076,1358.8482914296255,0
-17.051277,21.124744,-59.230576,-22.95375,15.03997,-4.7655663,-7.8830934,12.660523,-18.582502,-13.888316,-3.4791002,3.2359786,-6.9875026,367.3512772537699,0.22672526041666666,1289.1313022206411,0
-38.331203,22.408875,-59.369633,-23.793982,15.717591,-5.365008,-6.877074,12.714676,-18.096485,-14.171608,-2.247107,2.8813276,-7.4906793,382.93882156003156,0.23854573567708334,1259.5689212632262,0
-50.22095,78.32525,-16.321346,-79.25559,-6.279505,11.829033,-7.179717,1.9202206,-0.95946795,16.00672,-25.67382,-12.686559,-25.987757,260.8686844208186,0.18785121984649122,1131.9253150401346,0
-44.883415,74.794586,-16.820839,-75.59677,-7.447424,11.080591,-5.4313045,1.2578018,-0.4453394,15.623715,-24.703579,-13.023479,-25.130283,260.86708973394485,0.19075520833333334,1143.80132092197,0
-50.22088,78.32535,-16.321217,-79.255554,-6.279379,11.828704,-7.1790495,1.9197735,-0.9595564,16.007292,-25.67421,-12.686588,-25.98733,260.8686824136386,0.18785121984649122,1131.9245248199993,0
-106.16758,110.80858,-23.515272,-41.195084,-60.792145,43.28816,-31.02564,31.172949,-33.948246,35.834816,-15.64841,6.0550876,-29.920967,233.25715143310555,0.18008155153508773,1004.7307906111789,0
-83.85847,73.008484,-40.853092,-74.903755,16.476536,1.5751753,-2.1876106,0.6625781,9.632132,-16.302248,-26.549881,-9.581501,6.357958,288.9665208724542,0.2133275082236842,1182.2255223861284,0
-48.297073,78.19746,-16.574074,-78.214134,-6.39967,11.294234,-6.966721,1.9990171,-0.9312575,15.89166,-25.447487,-12.611857,-25.709593,263.3037854330169,0.18809107730263158,1132.2718375014513,0
-80.16984,79.41992,-15.7731,-77.57331,-6.5925274,11.271567,-7.188761,2.2148616,-0.69817626,15.121109,-26.784351,-13.988381,-25.78754,272.20116979732273,0.18365948016826922,1111.7774790247129,0
-89.00002,51.308025,-35.406628,-6.0558085,-26.693426,3.9991417,11.601096,-20.465326,-18.833408,-1.9189937,-18.95874,-12.700935,0.5076989,275.8273670247883,0.14971758868243243,1054.123068168208,0
-82.56077,47.29671,-32.603428,-6.439964,-24.699337,3.9176326,11.28889,-19.052124,-17.688421,-2.192674,-18.329777,-11.688478,0.5226572,275.82829275745735,0.15087890625,1082.071368738317,0
-89.00086,51.308945,-35.40725,-6.055297,-26.693253,3.9996848,11.601137,-20.466043,-18.833557,-1.9194416,-18.95899,-12.701129,0.50830686,275.82736525652354,0.14971758868243243,1054.122648277494,0
-134.53105,85.91736,-54.60128,20.374008,-46.126358,8.675716,-4.315583,16.623455,-37.75176,4.8935227,-18.403831,-12.0733,-19.017452,245.8680049278907,0.13612489442567569,891.1787198412659,0
-126.27096,39.53151,-44.185658,-5.8718257,-27.678398,20.120106,-10.095317,-23.600948,-9.653048,-3.9477184,-20.77502,7.5983095,-16.0779,309.5156194692443,0.20433910472972974,1158.8987883300701,0
-85.79859,52.214092,-35.886433,-5.6687236,-26.818466,4.70843,12.085692,-20.068802,-18.67083,-1.9339229,-18.865398,-12.61896,0.5647768,275.6697025990822,0.14796241554054054,1057.3766588043559,0
-115.31827,52.34726,-34.67172,-4.911441,-25.90961,2.485205,10.866907,-19.814093,-19.175232,-2.1842263,-19.280354,-14.45321,-0.87871355,275.9146163996428,0.13526826746323528,1019.3506244552916,0
-38.822784,58.660957,-77.1141,1.9594836,3.894393,-12.556478,-2.1581976,14.714298,-11.386786,-10.76247,-12.907309,0.8827409,3.036767,322.6658635571602,0.2481256300403226,1116.4432054732538,0
-34.78477,55.101727,-73.28827,0.17303383,5.4967995,-13.192603,-1.0788786,13.752737,-9.986209,-11.704772,-11.844667,0.37558785,3.41334,322.6652228448771,0.2487241683467742,1131.7654375975883,0
-38.822254,58.66031,-77.113556,1.959132,3.8945506,-12.556632,-2.15842,14.714379,-11.387024,-10.76236,-12.907266,0.8828654,3.037248,322.6658616535205,0.2481256300403226,1116.4433809453137,0
-94.25111,106.5873,-98.51995,15.664236,-16.75941,18.35234,-35.68906,32.930477,-13.497806,10.537315,-25.640524,-2.3434854,-9.142544,285.023386762009,0.21044134324596775,964.2051404554924,0
-75.662865,40.685432,-81.12466,16.273045,-5.941513,-6.925317,7.2022676,3.5166721,-22.856901,-3.7738905,-6.1821017,10.132638,-15.746235,362.48232008323464,0.2623094128024194,1224.8407243436372,0
-37.557766,59.65942,-76.571815,2.275939,3.9855363,-12.231251,-2.0721798,15.152893,-10.935228,-10.307403,-12.528704,0.8507932,3.0235403,322.34212944835707,0.24744833669354838,1114.3828435108232,0
-67.79154,59.416523,-79.019295,1.7341589,4.1981325,-12.532893,-2.6359668,14.201089,-11.955485,-10.292021,-13.01268,0.8307776,3.70519,322.4659844189756,0.24141148158482142,1108.9705018923385,0
-70.89383,73.317345,-33.60058,-50.8604,-10.076196,-5.1331887,-3.4351597,8.418497,1.0834504,-19.88055,-13.705976,-1.4276007,4.073173,319.9492448948097,0.17268880208333334,962.1579095198987,0
-65.69028,69.978546,-31.85845,-49.087948,-10.366512,-4.2891645,-2.999769,8.712424,1.1197771,-18.826511,-13.725008,-1.1925514,4.456487,319.9493153426206,0.17346643518518517,981.749220571109,0
-70.89381,73.3172,-33.599644,-50.859653,-10.076495,-5.1318088,-3.4347708,8.418705,1.084453,-19.880623,-13.705426,-1.4271538,4.073273,319.94924274007474,0.17268880208333334,962.1607645161588,0
-113.89391,104.81064,-40.71709,-25.282305,-43.65163,17.847853,-29.907402,20.71589,-7.2406335,13.993012,-31.79036,-1.7291168,-15.050584,359.92922156221636,0.15623191550925927,831.0370180636378,0
-111.17807,66.9131,-58.216507,-40.699192,-4.7086253,1.7585577,-1.9045628,9.976135,-22.758816,-12.493053,-2.4132965,7.9648795,-10.978235,237.15172569058865,0.19798900462962962,1008.232220085481,0
-67.38744,75.59518,-32.503746,-50.14686,-9.917414,-4.69762,-2.2950444,8.618361,1.5388893,-19.29926,-12.644743,-0.62527966,3.9497042,312.5422965728117,0.1734302662037037,955.7454470512181,0
-93.138664,75.45256,-34.268116,-50.861874,-9.743377,-4.237014,-2.6256292,8.180768,0.60796016,-20.05854,-14.286751,-1.673942,3.280897,321.35801615139434,0.17193359375,944.8055830131922,0
5.676037,47.56378,-49.944202,-16.252586,7.9863577,-6.0644784,-35.57911,4.5939593,-28.66851,-16.544062,-14.520668,-17.413046,-13.729146,223.15842628197888,0.14191228693181818,1147.9289457622508,0
7.802888,47.543262,-47.82013,-15.432417,9.5392275,-5.4458117,-33.49719,4.656071,-26.63639,-16.191076,-13.202237,-16.719086,-12.482411,223.15822984773516,0.14342151988636365,1154.1337533864676,0
5.676073,47.564125,-49.94398,-16.252537,7.9867063,-6.064199,-35.579098,4.594276,-28.668753,-16.54395,-14.520769,-17.412973,-13.729003,223.1584215083975,0.14191228693181818,1147.9296355071685,0
-43.96111,91.88419,-70.08259,9.542031,-27.8286,40.853313,-58.22733,18.144442,-28.002083,-4.3958683,-28.343328,1.4204245,-30.302155,222.57161120481518,0.11973248106060606,1006.4765776610049,0
-24.95,36.426025,-54.84687,-5.4095836,10.357912,-25.12013,-22.63198,-3.472489,-36.8599,-5.2179527,-23.068054,-11.086296,-9.814316,250.37811816561913,0.13926373106060605,1203.166333524736,0
8.706009,50.991673,-47.123466,-14.458585,8.501397,-5.167303,-34.165745,5.680907,-27.249912,-15.803329,-13.025752,-16.127861,-12.700119,222.61668498513205,0.14268169981060605,1138.2651174954153,0
-17.974413,49.66483,-47.260677,-13.568818,8.443043,-5.7992306,-34.62592,6.3919954,-28.06487,-16.155668,-13.780469,-16.556501,-13.792679,223.41558691336326,0.11790364583333333,1136.6242989500533,0
-22.148832,83.60133,-49.187187,-51.813908,0.039434697,11.382421,-30.786818,10.888928,-2.711861,-4.5692887,-21.8518,-15.661145,0.80919355,311.5830453974123,0.18961210029069767,1006.8526163153766,0
-19.118017,81.22512,-47.52232,-51.326637,0.6561305,10.943865,-28.898037,9.93966,-1.5260392,-4.5651183,-21.246513,-15.347208,1.2254103,311.5815810864646,0.18980514171511628,1017.6370175416055,0
-22.150213,83.60003,-49.188988,-51.815323,0.038206547,11.380265,-30.788004,10.887378,-2.7135549,-4.570999,-21.852978,-15.663008,0.8075787,311.583044068741,0.18961210029069767,1006.8540261877047,0
-77.34669,124.9917,-59.119946,-22.188105,-46.89403,47.683952,-45.169186,13.517314,-14.181647,15.671404,-16.49928,-8.93693,-23.337896,279.2456540878843,0.16301780523255813,859.7584819429526,0
-58.19169,71.736145,-66.130844,-40.604572,15.058527,-4.537567,-19.810944,17.873354,-19.389296,-10.034067,-25.874187,8.349339,-10.008419,343.2943169588095,0.21468477470930233,1094.001849581793,0
-20.787657,83.754585,-48.62616,-51.08868,0.15382922,11.3207245,-30.37285,10.651165,-2.6148212,-4.6661525,-21.911749,-15.5763035,0.8424859,304.5888525363157,0.18943041424418605,1005.9152373614186,0
-50.020878,84.815506,-47.091816,-50.403687,1.5209719,11.933019,-30.795424,10.750337,-3.0592694,-4.65636,-21.586905,-16.276073,-0.053175326,314.17329334190237,0.17893629807692307,988.5476004937261,0
-100.87544,53.230534,-64.86236,-28.260628,26.779491,4.931353,-19.508875,-4.8944225,-2.7690012,-10.015733,-16.23158,-0.28695077,-0.565116,282.78009977838644,0.2684889573317308,1095.449705913395,0
-91.74528,48.243904,-60.29426,-27.05025,25.586317,5.4410377,-18.459658,-5.343166,-1.3265222,-9.6721325,-15.407503,0.21499188,-0.18496774,282.7808116201615,0.27072378305288464,1121.2853243916038,0
-100.875946,53.23017,-64.86336,-28.261631,26.778625,4.930325,-19.509792,-4.8948803,-2.769808,-10.015983,-16.23206,-0.28690723,-0.5664208,282.7800982212154,0.2684889573317308,1095.4506089083484,0
-148.41751,90.80383,-75.04717,-20.464802,-9.006455,40.23704,-32.693974,5.602502,-21.256153,11.910782,-24.740116,-3.7739668,-9.340113,258.7324384424951,0.22300368088942307,944.013328479132,0
-141.60098,44.387363,-75.57121,-2.859259,27.79404,-8.884375,-20.394316,2.2114704,-13.753618,-11.386595,-6.894645,5.6826935,-20.712553,320.01501043903716,0.2799541766826923,1176.110150441384,0
-98.68877,54.526585,-65.503044,-28.335012,27.033377,4.958669,-19.438837,-5.1124806,-3.357391,-10.271297,-16.082691,-0.25938803,-0.9510329,280.66291610336316,0.2686579777644231,1093.1618281806082,0
-129.6603,55.269516,-63.85583,-28.09099,26.857979,4.91361,-20.220482,-4.558182,-2.758955,-11.054126,-16.98473,-0.62000704,-1.297492,292.12157090771075,0.253662109375,1072.0333540603008,0
-119.67849,71.72067,-30.762102,-8.206246,5.571346,-4.2938066,-25.935041,12.972621,-18.63762,-13.992018,-10.213067,-5.3055177,-1.5585941,259.21618995574465,0.10422479538690477,980.8648714248886,0
-108.93806,62.12063,-25.121933,-9.018547,6.1041455,-5.2474666,-22.174643,9.219705,-14.650541,-14.920898,-9.185846,-4.6322002,-2.009889,259.2179839781907,0.10688709077380952,1038.729651268672,0
-119.67869,71.72,-30.761826,-8.205501,5.5708566,-4.29356,-25.934647,12.972264,-18.636648,-13.991833,-10.213398,-5.304915,-1.5584368,259.21619184211715,0.10422479538690477,980.8604759984077,0
-167.59656,103.62262,-42.535255,8.216219,-20.044083,26.96567,-43.631752,15.510456,-10.47184,-8.588757,-18.099813,-8.035765,-6.0053153,230.8393147809845,0.08944847470238096,798.993346515116,0
-156.18462,63.301903,-37.10055,0.87803507,5.692138,-16.230091,-15.274955,8.153716,-33.935463,1.0474838,-15.449816,3.5670254,-22.21022,291.0361857381826,0.12361653645833333,1054.2473615476435,0
-117.276596,72.66786,-30.30427,-8.106722,5.8998404,-3.8970857,-25.258568,13.286349,-18.409107,-13.944511,-10.150755,-5.10227,-1.5988503,256.9115640704569,0.10478283110119048,980.7364005030994,0
-147.471,72.72103,-30.195541,-6.6562047,7.372055,-3.0916462,-25.474463,11.195665,-19.606197,-13.616331,-10.225177,-5.8101845,-1.5023179,259.1125723250722,0.10432514391447369,947.4354748098868,0
-28.28128,88.00563,-76.23958,-50.202473,-9.710559,-1.5582062,-23.828415,5.4788327,19.821747,-19.049381,-19.365011,-12.488864,-2.8390207,208.86951422291526,0.2189453125,989.0419420665028,0
-24.359005,84.22794,-73.18185,-50.882942,-8.794383,-1.8568764,-22.848198,5.5624323,19.767962,-17.925943,-19.671831,-11.954575,-2.2726219,208.86951983853956,0.218310546875,1001.9968846467306,0
-28.281643,88.00486,-76.23982,-50.20358,-9.710783,-1.5587415,-23.829243,5.4783735,19.821222,-19.05035,-19.365326,-12.489742,-2.8396854,208.8695167027125,0.2189453125,989.0459685781536,0
-82.01769,123.70094,-83.42733,-33.835823,-45.04322,24.709942,-34.527332,-1.227676,0.32752162,24.348349,-26.24342,-4.2602015,-28.13432,190.08228466765362,0.19425048828125,878.4410585949693,0
-60.035706,75.36377,-96.322945,-36.387024,-5.30445,-6.5138955,-19.988806,26.518932,-12.85811,-25.415842,-11.696652,-1.2195847,-3.3330421,231.4966680707452,0.2428466796875,1073.1501194829902,0
-28.938253,88.11836,-76.45206,-50.26935,-9.793571,-1.380151,-23.657398,5.630529,19.956347,-19.068575,-19.23071,-12.497002,-2.6640828,222.94057213761863,0.21895751953125,988.9838144062626,0
-58.61278,88.841385,-76.73763,-51.433514,-9.137256,-0.48137793,-22.90694,5.388093,18.78413,-18.114933,-19.631903,-13.783601,-2.2452288,211.42728877796225,0.21430268158783783,988.308226489775,0
-140.07933,49.88047,-52.58439,-27.708809,7.8294177,4.3063254,-21.378565,2.370791,-12.602415,0.14397505,-14.641983,-6.499647,2.4316192,269.36680301233037,0.233123779296875,1067.1319653618398,0
-122.38985,41.689365,-44.776783,-25.410347,7.9462376,3.8376021,-17.598082,0.47812694,-9.529532,-0.8899496,-12.720629,-5.9946494,2.6468315,269.3675325561999,0.2357177734375,1122.499755795839,0
-140.07906,49.878216,-52.586666,-27.708986,7.8278522,4.3034344,-21.379791,2.3676217,-12.6048355,0.1411792,-14.643624,-6.5020123,2.430197,269.36680411093,0.233123779296875,1067.1444090740522,0
-182.55307,85.55041,-65.57286,-11.793974,-26.312708,35.289513,-36.663467,13.284582,-22.108852,6.6494617,-11.712275,-7.9807844,-10.538874,239.97928622577382,0.19989013671875,920.2312475309565,0
-177.68646,38.404404,-62.487362,-11.986305,10.396906,-9.8787365,-17.896402,4.3995504,-15.512634,-0.9594482,-19.110176,11.677991,-17.466532,289.7160029317645,0.2482452392578125,1141.9140082292179,0
-134.17946,51.082924,-52.494072,-27.388432,7.515293,3.9516575,-20.458395,2.4888716,-11.928184,-0.07486898,-14.217524,-6.0906014,2.1606696,269.81844404486264,0.23223876953125,1069.8648253911597,0
-167.86423,51.1065,-51.434788,-27.789738,9.055026,5.224297,-21.75756,2.0047145,-12.835298,0.18288429,-14.671561,-7.065421,2.6823113,269.2467811695586,0.21472981770833333,1052.1398287133716,0
-79.12997,80.39957,-32.990223,-15.917292,21.077255,4.441371,-20.453627,-5.4331155,-13.649248,-7.6880383,-16.197397,-12.132618,-17.491476,284.44896798406603,0.09333147321428571,910.5413188724102,0
-72.71336,74.669914,-30.34342,-15.080828,20.283882,4.421846,-18.88101,-6.320695,-12.438408,-7.8102503,-15.474462,-12.139354,-16.681593,284.449597563819,0.09282709478021978,940.9909135518558,0
-79.131,80.39792,-32.991703,-15.918567,21.076015,4.4399524,-20.455124,-5.4347177,-13.650462,-7.690029,-16.19813,-12.134466,-17.492981,284.44897109614806,0.09333147321428571,910.5443721265577,0
-132.55681,112.46271,-43.66757,-2.7448552,-10.762579,38.721893,-31.45353,9.700253,-25.372063,3.6674502,-20.26564,-2.372986,-16.449657,253.2606571122167,0.11732164320054946,801.3251696782497,0
-115.570366,75.28329,-43.190716,0.6323117,20.323378,-11.323387,-21.194822,-2.6382155,-18.509415,-10.171162,-23.197056,-9.8465185,-17.538061,318.21471025409267,0.10459950206043957,937.3658726399556,0
-78.070915,80.816956,-33.512924,-15.956743,21.243284,4.3923683,-20.460035,-5.257137,-13.875109,-7.888063,-16.241322,-12.121861,-17.62646,284.35122407979907,0.09293440934065934,911.6133563978285,0
-111.38763,80.59024,-33.589573,-14.594161,22.429832,4.9612865,-19.398323,-4.888227,-14.473912,-7.6514134,-15.294371,-11.665646,-18.356516,282.67578892656326,0.09475633574695122,893.0113884767245,0
-13.241057,60.883366,-45.657883,-31.986664,-46.139168,5.237374,-35.15524,-17.092543,14.9896345,6.6336446,-2.8126793,-12.351547,-12.53223,347.67227088581564,0.1755652794471154,1034.3738200627906,0
-11.433404,59.62537,-43.921734,-32.62942,-44.67833,4.4162602,-34.083782,-17.451735,15.533489,6.456277,-2.4111426,-12.405382,-12.318943,347.6719064675975,0.17552771935096154,1041.345744869763,0
-13.24098,60.88377,-45.65766,-31.986416,-46.139084,5.2375507,-35.154816,-17.092596,14.990041,6.6338415,-2.812763,-12.351236,-12.532121,347.6722730736529,0.1755652794471154,1034.3730808741745,0
-67.2982,99.71125,-62.88692,2.787264,-75.73351,19.89362,-34.46277,-17.119772,-18.561226,24.14877,-6.133886,12.82493,-20.626556,309.8925686674579,0.15647536057692307,911.204028761429,0
-47.833015,48.281242,-54.428177,-36.099552,-36.05904,2.897511,-43.389523,18.85902,8.887231,-3.1784549,-17.093393,-5.618624,2.6647532,390.1369140827189,0.18925593449519232,1127.3166610090846,0
-12.76986,61.386833,-45.40311,-31.855753,-46.4306,5.006173,-35.37881,-17.183102,15.150992,6.7578306,-2.847642,-12.461968,-12.61047,347.63928702876177,0.17570612980769232,1032.8912057398682,0
-43.837788,61.90167,-44.54119,-30.865793,-44.261868,6.6285915,-34.03315,-16.293715,13.96116,5.5656877,-3.7303748,-13.4541235,-12.286639,347.5659386294753,0.18273146609042554,1049.0341412642097,0
-95.74321,64.887085,-62.637676,-29.353373,16.827604,-6.374329,-11.440262,3.5726182,-5.861081,-13.948363,-10.658144,1.0807734,-8.650648,254.18532493666228,0.17750961061507936,1000.7917530429127,0
-87.61652,59.33588,-58.18312,-27.98968,15.537976,-4.971576,-10.852581,3.274734,-4.875954,-13.626752,-9.893357,1.0560058,-7.6194286,254.18529215993215,0.17911396329365079,1025.8479672265037,0
-95.74262,64.88762,-62.636906,-29.35201,16.828444,-6.373511,-11.438542,3.5734973,-5.859263,-13.946831,-10.656714,1.0821767,-8.649855,254.18532678415917,0.17750961061507936,1000.7890963907023,0
-147.76183,102.88767,-72.8962,-17.502022,-15.111884,28.70882,-34.520004,17.335726,-17.837412,9.364394,-30.14962,2.357016,-11.371295,226.47107424384322,0.17222377232142858,867.5164262301444,0
-137.19699,52.025864,-77.49133,-8.883199,13.7503805,-12.406379,-6.1519427,3.158704,-17.035118,-8.108746,-4.0750723,-4.4205627,-14.116761,285.1988680312732,0.2212069072420635,1090.123566732027,0
-94.347496,66.38196,-62.63407,-29.630096,17.03078,-6.270511,-11.432469,3.6103806,-5.9153156,-14.165854,-10.93278,1.0368818,-8.611276,254.18123566871026,0.17771112351190477,997.5857577657467,0
-128.81808,63.566742,-63.40755,-29.324226,16.1972,-6.0606065,-10.737319,4.0606785,-5.5595794,-13.723635,-10.786656,0.79821867,-8.177442,254.18768598681507,0.20373320997807018,1015.940073471575,0
-128.30646,44.998108,-53.51586,-49.17573,11.823821,12.054106,-17.769829,1.5195861,-0.40428346,-0.0018955336,-18.27759,-1.9304063,2.033654,224.5303947677174,0.2569676959325397,1158.4843742156581,0
-116.05526,41.17061,-49.231182,-44.24807,11.680255,11.923217,-14.816546,0.6265294,0.86549914,0.0073809396,-16.469845,-1.7427443,2.3533669,223.34745813689557,0.2573784722222222,1198.5848180817936,0
-128.30614,44.998837,-53.515194,-49.175552,11.823421,12.055481,-17.770498,1.5195211,-0.4038016,-0.0022325895,-18.278189,-1.9297761,2.0331259,224.530393937584,0.2569676959325397,1158.4872988292946,0
-174.9714,79.40223,-61.900963,-33.330032,-30.410826,43.151745,-28.648342,11.561117,-18.287243,18.179571,-15.342896,-7.9844575,-11.082354,360.2385952987145,0.22143942212301587,1001.3184122096421,0
-168.94711,36.03153,-69.69118,-31.836403,22.020517,-2.357632,-17.810785,8.964138,-6.7299943,-8.888047,-13.328433,11.572108,-12.553693,250.5787749255132,0.26411365327380953,1213.2219753339539,0
-125.595604,46.161335,-53.2434,-48.48391,12.109903,12.167422,-17.387838,1.5866125,-0.3028528,-0.014960122,-18.242886,-1.9316363,2.0781229,223.3504409127212,0.2564019097222222,1157.108230405801,0
-159.68086,45.14401,-54.0622,-48.587063,13.007603,12.248948,-18.487236,0.8819887,-0.59797215,-0.79971164,-19.289234,-3.3716598,1.9546354,224.4534874607426,0.2471217105263158,1161.4343685045712,0
-58.48807,39.035805,-63.16741,-27.893139,31.247961,-10.165522,-15.408076,0.5376564,-16.262514,-9.700388,-19.116488,-2.7047136,-17.593393,269.6041823169372,0.17647429435483872,1141.0317353208561,0
-54.011284,37.90943,-60.644245,-25.994421,30.260332,-8.429848,-14.969593,0.3741146,-14.336006,-9.740178,-17.585274,-2.0294783,-16.652765,269.60459178154,0.17661605342741934,1151.4191314741115,0
-58.488636,39.034378,-63.169113,-27.895397,31.245703,-10.1678095,-15.410234,0.53555334,-16.264124,-9.702715,-19.118029,-2.706329,-17.595661,269.6041818768562,0.17647429435483872,1141.036671552244,0
-99.637764,78.35362,-75.310814,-17.23436,-2.7310545,32.88474,-41.83776,22.215313,-29.325682,9.646256,-31.144636,0.35843045,-15.272217,232.34310454795815,0.14476751512096775,972.4526801503921,0
-99.53756,30.27521,-73.75876,-1.9848862,25.875933,-23.525898,-5.4297514,-4.426769,-20.41222,-15.037294,-14.131763,-6.9614873,-16.120602,292.75127957138585,0.21227633568548387,1210.865111982221,0
-55.78803,41.04921,-61.552322,-26.715717,31.25,-9.510965,-15.473555,0.10815142,-15.871263,-10.021829,-19.031515,-2.5849636,-17.900818,263.6059966743349,0.1763482862903226,1136.2200328738934,0
-80.65816,39.305077,-63.238827,-27.30969,32.1124,-9.061583,-13.957827,1.618438,-16.01623,-9.628647,-17.982357,-3.2347577,-18.423412,269.96722043175413,0.18580845424107142,1130.1031062850573,0
-74.250755,123.512024,-17.757786,-40.923374,6.624336,4.318254,-15.03911,-3.7139554,2.1801896,-5.7155995,-15.351927,-2.1188526,-2.4722474,322.17034614248274,0.11080616918103449,766.8854042073631,0
-65.301285,114.82764,-15.368012,-38.45323,4.362658,4.621383,-13.838826,-4.490578,2.3248277,-5.6182103,-14.8531065,-2.6815507,-1.7245282,322.1693826276693,0.11395474137931035,802.1224420329172,0
-74.24878,123.51112,-17.757124,-40.922615,6.625519,4.3174543,-15.037301,-3.713923,2.1809478,-5.715445,-15.350739,-2.1188848,-2.4714663,322.1703373818083,0.11080616918103449,766.8842946027661,0
-122.191956,150.11719,-21.245327,-19.820084,-26.870424,31.761854,-27.486246,7.154653,-17.122654,17.745161,-21.030796,-3.1928966,-11.333436,288.4923244115279,0.09632610452586207,664.2964106348921,0
-104.11763,120.23693,-43.52967,-32.43963,11.157749,-4.612758,-17.532913,5.657092,-6.986086,-10.548493,-8.678354,2.748754,-15.034915,324.62289160403344,0.13821726831896552,820.7451443366447,0
-74.70638,126.28192,-16.368694,-41.208908,6.507224,4.052514,-15.110174,-3.4099052,2.5337882,-5.966648,-15.554709,-1.626391,-2.220276,320.9286299227198,0.11136179956896551,752.213432780095,0
-94.80024,125.24909,-18.444523,-40.994,6.969185,4.289993,-16.274483,-3.587466,2.292549,-6.509718,-14.950431,-1.2730813,-1.889958,325.19549065553497,0.11559119591346154,760.4137363740144,0
-40.293915,38.901955,-14.349313,-78.307594,5.5654035,11.644947,-19.73844,-5.1461396,-26.504257,13.934616,-19.144749,-4.3851986,-12.160881,336.51808015148947,0.22447761656746032,1388.105181603305,0
-35.96827,38.91116,-12.833884,-74.733955,6.158174,12.497005,-17.59557,-4.9848766,-24.662203,13.874301,-17.82819,-3.8557096,-11.470024,336.51801760264067,0.22589595734126985,1392.7350405396237,0
-40.29374,38.90161,-14.349698,-78.3077,5.564812,11.64482,-19.73879,-5.146276,-26.504118,13.934382,-19.144796,-4.3851204,-12.161104,336.51808029458505,0.22447761656746032,1388.1052652238563,0
-97.30198,79.12157,-31.730175,-35.175613,-59.64997,58.892403,-48.135937,35.26428,-55.02845,19.970303,-20.36255,6.0960693,-22.359978,293.7441454018512,0.2356383308531746,1260.3063517835565,0
-82.74086,34.467506,-40.193977,-71.89187,26.172089,-10.0453415,-17.492178,-16.13212,-6.1504884,2.058356,-22.594296,3.8556075,-8.976384,383.8820633466422,0.25181361607142855,1383.553403566127,0
-39.208584,38.707626,-14.068256,-77.297874,5.529174,11.776656,-19.46985,-4.9347277,-26.22744,13.857604,-18.686983,-4.198919,-11.833809,334.8121283969771,0.22446211557539683,1388.980484439914,0
-70.60821,40.5679,-14.878564,-77.550415,5.928782,12.125343,-19.227955,-5.04322,-26.322502,14.234987,-18.711966,-4.0487385,-12.604419,338.56008443098193,0.23701343201754385,1368.328886177671,0
-67.63744,84.317024,-29.47333,-29.024017,2.8192708,-2.2465408,-11.500345,-4.8914027,-11.227848,-15.172912,-14.925023,-5.689231,-6.585661,294.3855446442455,0.12414336622807018,843.2375673608267,0
-63.093426,80.24953,-27.541029,-28.45438,2.3318539,-1.93497,-10.90153,-5.1011333,-10.827633,-15.134793,-14.535729,-5.7454486,-6.2638884,294.3857496631343,0.12485437225877193,862.7186357991303,0
-67.63788,84.31622,-29.473757,-29.024714,2.8189409,-2.247221,-11.500635,-4.892229,-11.228365,-15.173661,-14.925228,-5.6901712,-6.5862617,294.3855469531535,0.12414336622807018,843.2389687806492,0
-120.85603,115.54762,-41.152893,-7.796816,-28.425146,24.51067,-29.545704,13.5473795,-23.161587,5.9895315,-26.90292,-2.608108,-15.219209,262.3607296830042,0.1010913514254386,720.5862810328744,0
-103.533264,80.12933,-46.11491,-16.43581,4.539446,-6.036619,-14.284897,-6.239098,-21.58759,-10.638673,-12.089355,-3.9909005,-18.188793,330.35389356243667,0.13028543037280702,887.916283111977,0
-65.17214,84.710335,-29.170513,-28.070333,3.2475605,-1.8076445,-10.841162,-4.526054,-10.966951,-14.915257,-14.800752,-5.6569867,-6.5240874,294.43002780270984,0.1230725740131579,843.3225405942669,0
-97.421005,84.22523,-29.993277,-28.565971,4.02343,-1.5200068,-12.358445,-5.0188346,-11.116706,-15.3292,-14.417516,-5.5052137,-6.6490107,294.4622356650325,0.10648287259615384,822.488299301976,0
-71.523636,34.67613,-70.87249,-6.1301527,-5.254033,-27.118225,-0.74190754,10.281015,-11.946646,-10.552209,0.8106094,-1.2545111,-9.215951,373.72290350934236,0.2612116887019231,1226.1686079167525,0
-66.359795,32.834488,-66.840546,-5.9230857,-4.2404017,-25.736717,-0.08299316,10.294286,-10.998808,-10.489081,1.1554221,-1.0659409,-9.574296,373.72347758984506,0.2611553485576923,1239.942186393901,0
-71.524124,34.676357,-70.8729,-6.130917,-5.2536893,-27.119019,-0.7426602,10.280781,-11.946853,-10.552577,0.81008303,-1.2552994,-9.216242,373.7229042027253,0.2612116887019231,1226.1722236990179,0
-114.68359,74.868904,-90.500175,7.2579966,-21.332838,-1.1045805,-39.216843,28.320103,-14.975419,4.473424,-20.059053,11.551644,-11.431417,337.09507177169047,0.23321063701923078,1068.660999378966,0
-108.000824,23.02173,-75.89432,8.364191,-21.946682,-16.896908,9.413145,2.9618566,-18.276152,6.6626453,-3.9569964,-9.275077,-20.535397,281.8782788765245,0.27542818509615385,1315.836082654901,0
-67.839836,37.172512,-71.18427,-6.4181247,-4.2829857,-26.335371,-0.6480869,9.484314,-12.83864,-9.885911,1.2921865,-1.7118781,-9.438032,372.4177989304856,0.26143704927884615,1222.9111220335676,0
-89.605705,36.6078,-70.73769,-6.065348,-5.416578,-27.909042,-2.0459316,9.832631,-11.703877,-10.690193,0.92109394,-0.9848297,-9.461948,378.324408065687,0.24074300130208334,1202.6962112544488,0
-67.299774,41.12226,-38.489697,18.660992,-14.720083,4.6369634,-14.212698,9.429453,-21.733845,-0.4640479,-4.319032,-13.443399,5.767121,257.7568210708513,0.10368595566860465,1118.1760959280234,0
-62.42526,37.55367,-34.46361,15.532346,-12.231963,2.53191,-12.155526,7.897159,-20.076504,-1.3526253,-3.933153,-13.73623,5.3044615,257.7577365763812,0.10342478197674419,1136.2317887909194,0
-67.29969,41.12221,-38.49015,18.661018,-14.719958,4.637376,-14.212631,9.429481,-21.733356,-0.4634869,-4.318885,-13.443083,5.76727,257.75682154431274,0.10368595566860465,1118.1725159379503,0
-115.70845,79.52298,-64.24409,41.445362,-32.49454,24.362524,-31.290186,19.484886,-16.851942,-6.6435094,-3.9069939,-6.4676933,-13.871878,229.60869932229375,0.08829941860465117,926.3678607264862,0
-102.909904,29.092337,-33.787956,19.63099,-15.2876215,2.9711444,-13.054042,3.3380659,-25.661823,13.528271,-25.20237,10.79191,-13.014285,289.33567900902824,0.15849836482558138,1186.6304806130936,0
-65.23271,43.017834,-37.58425,18.88,-14.498114,4.612115,-13.898511,9.496889,-21.788633,-0.39271802,-4.5314927,-13.203125,6.139067,257.7216091434077,0.10493504723837209,1110.582744006823,0
-95.858185,42.778122,-37.52384,18.617533,-15.974223,3.1918755,-15.103426,9.236235,-21.352192,-0.30217913,-5.038057,-14.277559,5.894131,257.71156111022555,0.09720552884615384,1053.8560372301802,0
-102.86329,50.22151,-51.86742,-14.738241,-5.6942563,11.249278,-11.751774,3.2146769,-19.287125,-14.581465,1.2674454,-10.1712,-5.2376747,248.3663249102644,0.19966020976027396,1134.4591233103233,0
-94.35842,43.908073,-45.49307,-16.16677,-3.0379806,9.9177265,-8.688338,1.8832128,-17.08479,-13.690041,1.3251444,-8.630489,-5.327479,248.3653066300019,0.2022353916952055,1180.9357703025148,0
-102.8594,50.223755,-51.862595,-14.735171,-5.689443,11.253091,-11.747056,3.2185779,-19.282494,-14.577153,1.2721248,-10.166878,-5.2333446,248.36632760359268,0.19966020976027396,1134.448867707297,0
-157.51624,87.997314,-71.09128,6.771799,-37.15918,33.946888,-25.011429,18.938295,-17.137611,-8.937049,-17.784986,5.422775,-14.511461,223.25887521278452,0.1723565924657534,995.106815489564,0
-141.69493,38.61663,-58.999905,-5.37466,-0.41249818,7.422762,-16.960829,1.1120877,-30.39322,8.705704,-14.053542,-4.921834,-14.865699,279.47495787939954,0.2140544734589041,1214.375416180165,0
-102.16476,51.013863,-51.606586,-14.730753,-5.793896,11.334905,-11.602354,3.2253428,-19.292051,-14.61302,1.2349222,-10.157027,-5.181738,244.20604347200015,0.1997404751712329,1131.4588786499037,0
-137.73193,49.465626,-52.037956,-15.465218,-5.139427,11.547528,-11.843418,2.8741624,-20.155018,-15.084001,1.2847128,-9.471853,-3.992827,244.99704076954887,0.19896367770522388,1136.022984668589,0
15.402553,84.64003,-71.639496,-4.541305,-0.79585654,-3.6321967,-5.106176,10.44037,-1.9695394,-21.190645,-4.468636,-11.593024,-12.291899,230.09192546020282,0.20367838541666666,1046.297012174921,0
17.72673,82.07406,-69.20246,-6.101496,0.42523223,-4.3738956,-4.5855145,10.230794,-1.8880227,-20.994284,-4.5732226,-11.452652,-12.076852,230.0920489641207,0.2059353298611111,1056.2632159054647,0
15.403063,84.64054,-71.639244,-4.5406437,-0.7958194,-3.631947,-5.105669,10.44033,-1.9690375,-21.190655,-4.4682274,-11.592916,-12.291388,230.09192633044702,0.20367838541666666,1046.2945459579464,0
-43.020485,130.52007,-92.43776,15.149295,-26.909014,25.739817,-29.788403,26.110584,-7.0819993,8.790232,-31.333296,10.855261,-26.369219,204.96617099607602,0.18345269097222222,920.8406316325969,0
-16.898243,70.988174,-79.52363,8.913102,-6.74801,0.6437452,-2.7172105,11.985136,-25.49339,-9.080263,-10.927167,-11.129147,-2.6625247,258.32344064935256,0.22641059027777777,1128.9989191877285,0
18.377335,85.98889,-71.30708,-4.975761,-1.0338461,-3.2861562,-5.272322,10.151081,-1.9688015,-21.404585,-4.6577716,-11.647915,-12.225162,224.97012425738086,0.20515407986111112,1038.644670871924,0
-12.848564,85.74273,-72.28946,-6.0674295,-0.07028947,-2.7476459,-4.6987667,10.048412,-1.0164568,-20.312609,-4.5723724,-11.873193,-13.377036,230.08393026969023,0.2046851181402439,1035.3298348537123,0
-96.34625,60.034107,-17.79489,-38.463608,3.1864128,15.971733,-11.848483,-0.9760661,-25.709282,-2.5583484,-13.922242,-7.7568398,-17.39023,328.3099732932979,0.18474324544270834,1078.6218256929574,0
-85.981514,53.680958,-16.42904,-35.589905,2.055699,15.142802,-10.045245,-2.5372684,-23.787323,-3.2992132,-12.726903,-8.4498625,-15.738484,328.3100276653092,0.18727620442708334,1121.8289422153587,0
-96.3469,60.033825,-17.79599,-38.46349,3.1855068,15.971974,-11.850018,-0.97641706,-25.711172,-2.5588527,-13.924045,-7.756657,-17.39097,328.30997223224466,0.18474324544270834,1078.6309229597946,0
-141.55855,88.60427,-28.223654,-13.050614,-37.534985,39.471874,-25.756798,21.863417,-30.062601,-1.5696934,-18.35441,-1.7653099,-12.855426,294.60118772522884,0.15253702799479166,910.6721293888386,0
-132.94414,55.954212,-28.178978,-30.72847,16.54721,2.6723444,-13.135884,-12.340528,-20.126919,-1.046331,-21.385054,-7.3865523,-11.36496,368.55636762075375,0.166412353515625,1127.091871209659,0
-93.91642,60.5356,-17.914675,-37.993633,2.7825563,16.21135,-11.846138,-0.8415866,-25.44053,-2.5748913,-14.328766,-8.172882,-17.522406,330.63604367144984,0.18476359049479166,1076.0802879082032,0
-122.33084,60.315212,-16.818302,-37.807613,2.8349154,15.876644,-13.269238,-1.436922,-26.194847,-3.1682673,-13.786536,-7.653192,-17.774277,330.530452499889,0.16749182412790697,1049.6080247380328,0
-83.01792,113.78817,-38.565563,-77.1895,-30.788597,2.0489993,-9.435331,-5.392158,4.180795,2.0113597,-11.354311,-22.290905,-11.638808,317.91420312840825,0.15061113911290322,786.7165311246542,0
-72.848946,105.15965,-34.77443,-74.720024,-31.10999,1.972816,-7.521212,-5.285937,4.306728,3.0419037,-11.373087,-21.438429,-10.813182,317.915612632028,0.15259576612903225,813.7827341873257,0
-83.01754,113.789085,-38.565815,-77.18793,-30.788559,2.050166,-9.434924,-5.3912807,4.1813025,2.0118947,-11.354035,-22.289835,-11.639306,317.9142105378839,0.15061113911290322,786.7139269812874,0
-131.8531,142.16093,-34.496113,-47.49055,-66.811264,13.147983,-21.648636,7.388128,-17.266888,16.685152,-7.278437,2.2962754,-28.057316,282.5787983373542,0.13843560987903225,690.1885772422387,0
-115.70663,109.59615,-68.334625,-72.646675,-14.799238,6.8137426,-14.752824,6.8703628,-2.2845862,-9.781464,-27.151148,-5.278164,3.4429672,356.9903588507653,0.17615927419354838,841.811998128671,0
-81.036804,116.08341,-36.799854,-76.27854,-30.507977,1.8411287,-9.008882,-4.813872,4.48427,2.6511595,-10.9847555,-22.05802,-11.614061,317.77969888494476,0.15075289818548387,782.1367666561921,0
-108.0129,113.94903,-37.494854,-76.57726,-30.972013,1.3579108,-9.732054,-6.918632,3.6946445,2.5052426,-11.111145,-22.783825,-12.201349,317.3252811421871,0.15352957589285715,786.3501793305016,0
-34.671783,46.427185,-63.750427,-37.945095,-5.174286,-7.9783077,-11.592722,7.3375783,9.517365,-9.009621,-21.090189,-7.4552817,-6.077338,358.0149976039122,0.2082478151483051,1104.8935889767035,0
-31.87248,45.540585,-61.72917,-37.364166,-4.2862334,-7.800795,-10.694014,7.303071,9.929105,-8.755672,-20.46998,-7.6079116,-5.2303934,358.0145364680876,0.2101264565677966,1113.5998267716843,0
-34.671444,46.427967,-63.749702,-37.94445,-5.173616,-7.97743,-11.592191,7.3384223,9.517933,-9.009238,-21.089542,-7.4551063,-6.076827,358.01499396880433,0.2082478151483051,1104.8913195370737,0
-85.97538,86.630875,-79.04361,-17.63522,-37.965416,21.846724,-36.532772,19.399149,-11.420612,28.773478,-27.703768,2.4642873,-26.210688,318.33339022364953,0.1780571371822034,974.0371235665432,0
-73.42464,34.311512,-78.18082,-24.638401,-3.2435186,-9.444654,-3.3378134,14.391732,-7.669085,-22.883629,-11.609543,0.17786707,0.81969863,309.9969610342833,0.23881091101694915,1172.7256165235601,0
-33.682972,47.23656,-63.699024,-38.106174,-5.240642,-8.048563,-11.686752,7.1462226,9.358094,-9.069233,-21.31852,-7.7286973,-6.3903627,355.6776983489747,0.20810712394067796,1103.7569826854733,0
-65.07553,46.726223,-64.57386,-37.121513,-2.1981068,-5.989771,-11.181902,7.706067,10.365918,-8.629362,-21.416172,-8.459086,-6.3983436,357.5516450686402,0.21317093460648148,1113.2722807715766,0
-51.35339,88.08013,-59.38495,-22.281412,-16.072655,-1.1756859,-12.314146,-1.5245777,0.61678207,-12.499594,-9.319973,-13.819528,-2.889428,305.93063615634674,0.17451985677083334,932.7624448675261,0
-45.37268,81.845,-53.712738,-25.243536,-13.175882,-2.473926,-10.814342,-1.604395,0.68679076,-11.507649,-9.6319895,-13.090394,-2.6826513,305.9317153443198,0.1760525173611111,958.8571306154006,0
-51.353577,88.08003,-59.384842,-22.282045,-16.072445,-1.176025,-12.314257,-1.5249169,0.6166637,-12.499811,-9.319776,-13.819996,-2.889458,305.93063883339016,0.17451985677083334,932.7628515802504,0
-102.742035,129.70668,-73.22164,0.825148,-43.315247,19.860415,-28.744307,9.439578,-14.281625,10.80962,-20.576147,2.2378109,-26.254908,272.56508615516566,0.14860026041666666,807.6778059379238,0
-83.99244,75.105896,-71.69823,-11.520435,-14.665148,2.9006803,-15.903235,7.9867663,-16.605053,-10.215054,-15.421679,-2.0562532,-6.249113,343.27711171651293,0.18253580729166666,1013.8815291433891,0
-50.52763,89.60727,-58.66932,-21.808928,-16.196815,-1.512712,-12.784085,-1.7659594,0.35256523,-12.946499,-9.5451975,-14.17659,-3.0113401,305.5751844528552,0.1748725043402778,926.5429777662856,0
-76.455025,89.1966,-57.242886,-20.133661,-14.724114,-1.818151,-12.502996,-2.2761352,-0.3138566,-13.609565,-9.591134,-14.120031,-2.5473387,305.9409059134812,0.15857303503787878,918.9586224455502,0
-75.29395,69.47652,-39.382324,-20.25777,-0.3519066,0.46240255,-16.158533,-2.6357813,-15.651364,-16.545938,-8.706079,-8.037354,-8.1239395,323.1053717987527,0.1302734375,921.4385464344025,0
-70.17265,65.36054,-36.904633,-19.954325,-0.15631735,0.09839952,-14.934259,-3.2090976,-15.163991,-16.16943,-8.43678,-7.538253,-8.297109,323.107476343111,0.13332248263888888,941.4110686031778,0
-75.29386,69.47711,-39.381474,-20.257608,-0.35126027,0.46277708,-16.15808,-2.6352594,-15.650803,-16.54625,-8.704956,-8.03724,-8.123579,323.10537132941977,0.1302734375,921.4364448684221,0
-125.277214,103.734024,-52.88293,-0.64683646,-30.435375,24.706825,-33.333897,11.857792,-20.21256,-3.398611,-25.454563,0.5038769,-12.473382,287.8806173993536,0.11016710069444445,761.532697816501,0
-112.263115,61.99491,-51.2436,-9.129505,0.13640387,-3.7143598,-18.220201,-1.5231125,-24.89017,-2.972613,-14.896458,-4.2654996,-16.036081,362.9682012125186,0.1613064236111111,972.0862683831341,0
-73.694534,71.133835,-38.86391,-20.231873,-0.3185194,0.5707128,-15.864278,-2.3757217,-15.578877,-16.595917,-8.686098,-8.017451,-8.122789,322.99948150463865,0.1306423611111111,914.939977927271,0
-102.6678,72.011925,-37.80326,-19.292091,-0.6223587,0.47388667,-15.269845,-2.2386725,-16.391064,-16.908264,-9.228538,-9.540735,-8.955815,323.19825814416646,0.11760432545731707,883.9138184025198,0
-32.81053,64.75041,-44.563965,-25.503115,-10.679801,0.39147758,-19.562962,4.752218,0.19875091,-25.886776,-19.472654,-13.636948,-1.3863254,283.624558290537,0.15390625,1023.9480119478077,0
-30.203377,63.565987,-42.280895,-25.515606,-9.177301,0.48589036,-18.19175,5.0054955,1.3507857,-25.33247,-18.362946,-13.235653,-0.3832717,283.6238776809964,0.15397135416666666,1035.7545470553177,0
-32.811497,64.74999,-44.564407,-25.503735,-10.680181,0.3909416,-19.563313,4.751661,0.19846092,-25.887167,-19.473398,-13.63757,-1.386711,283.62455807875625,0.15390625,1023.9469569945338,0
-85.746025,108.7407,-59.44909,5.8721538,-40.951054,32.37587,-37.09907,12.762271,-11.821511,11.471879,-37.73655,-3.8714526,-31.772442,252.7293186572871,0.13560112847222222,889.7263838848895,0
-71.89935,53.785954,-55.38289,-16.84808,-8.1978035,-1.164847,-18.753567,12.270354,-30.25679,-21.554363,-13.459743,-1.0143298,-9.471599,318.35881086389423,0.18115234375,1087.5098861799495,0
-32.060337,65.42738,-43.99205,-25.070448,-10.057915,0.82492924,-19.192451,5.2055707,0.66445917,-25.612299,-19.211687,-13.459539,-1.0865222,283.75023683697407,0.15423177083333334,1023.2080569726239,0
-60.675674,65.70511,-42.852463,-23.05562,-8.625049,1.7037274,-20.538671,4.1961617,-0.51703686,-26.457418,-20.247267,-13.500813,-1.6489224,283.8120101415145,0.15523770960365854,1002.7428558564714,0
-69.80263,41.698452,-55.65074,-45.029236,2.4111044,8.187595,-28.28954,14.828458,-2.618405,-4.6909084,-24.383987,-14.41814,7.0713544,307.6582253557101,0.23682380445075757,1229.6257475200437,0
-64.78554,40.464832,-52.69763,-43.105114,3.348682,8.5329,-26.026695,13.946032,-1.1409018,-4.2428646,-23.273117,-13.683759,7.8276434,307.6545530038393,0.23799272017045456,1246.7583106937063,0
-69.8011,41.70008,-55.64862,-45.027336,2.4134662,8.189289,-28.2872,14.830534,-2.6157353,-4.688555,-24.381605,-14.415972,7.073775,307.6582192889241,0.23682380445075757,1229.6165848732182,0
-122.286545,82.47262,-72.21404,-19.812336,-40.739037,47.856983,-46.514935,17.318645,-12.078235,16.634394,-16.062706,-14.114163,-22.641014,274.0949650647958,0.21528764204545456,1089.7423991588112,0
-108.40735,31.649477,-68.92209,-32.752144,14.423316,-6.5142145,-15.461348,19.875568,-21.682337,-10.274114,-25.738531,15.524715,-10.958557,345.46929656328757,0.2597878196022727,1301.6033433360906,0
-68.614944,42.26003,-55.84538,-45.187733,2.2938442,7.9905643,-28.407875,14.723188,-2.6765473,-4.850903,-24.464972,-14.581518,6.9912195,307.8147223455897,0.23701615767045456,1228.1340087069864,0
-98.33667,43.20809,-54.485676,-44.27833,3.2859893,8.594059,-28.53077,14.587108,-3.364521,-4.723371,-24.261816,-15.079828,6.982955,307.79499153102296,0.22933756510416667,1212.4472842709513,0
-45.47203,49.482563,-59.814205,-32.312416,-1.2730914,11.795203,-25.496763,4.1540713,0.59728783,-5.653659,-16.641441,-1.9823815,-10.718784,315.43825273724804,0.18542710790094338,1106.4762226525568,0
-41.49133,47.766476,-57.05183,-32.2464,0.16770366,10.398117,-23.139515,2.8249154,2.0373526,-6.0240884,-15.094236,-2.6614494,-8.800435,315.43871333452637,0.18783166273584906,1120.2047894114987,0
-45.470947,49.483334,-59.812717,-32.311882,-1.2720124,11.795803,-25.495823,4.1542716,0.59825945,-5.6531167,-16.640612,-1.9818248,-10.717889,315.4382532771829,0.18542710790094338,1106.4671731296226,0
-98.28041,92.963295,-75.13516,-7.673014,-42.101093,44.207954,-38.503582,9.192895,-18.115297,18.039331,-24.983831,2.3835316,-17.706123,280.9049904437096,0.1697284050707547,958.9541659343334,0
-83.50797,34.787117,-67.23941,-22.714666,10.905522,-2.4123576,-21.682306,13.120792,-12.425383,-13.6379795,-10.885449,-3.9935272,-11.481963,354.2447353089313,0.2392025353773585,1195.8804566553647,0
-44.02277,50.12137,-59.269444,-31.992767,-0.8254967,11.77336,-25.311722,4.1494913,0.55234563,-5.7046795,-16.705784,-2.0438294,-10.566894,315.5957526563695,0.18422943691037735,1106.4034102575329,0
-74.24563,51.257412,-59.20284,-31.796488,-1.081735,10.146262,-26.255737,4.0778575,0.47444782,-5.433167,-16.608744,-2.6028328,-11.310233,315.3610968329485,0.19383748372395834,1076.2356518331953,0
-21.201204,55.427097,-81.38095,-65.21363,-33.718204,-7.7117376,-26.395136,-0.3251986,4.7005167,7.535203,-16.089523,-11.768681,-3.3149133,264.85989798124587,0.1861139112903226,1035.9975261178772,0
-17.68653,55.795467,-77.323,-64.26187,-30.735346,-6.912139,-23.959179,-0.19522132,6.6244636,7.396703,-14.951389,-12.064692,-2.5708904,264.85946588678195,0.18576738911290322,1044.1284620478505,0
-21.200949,55.427803,-81.38038,-65.21297,-33.718033,-7.711046,-26.395222,-0.32483616,4.700287,7.53538,-16.090025,-11.76899,-3.3154876,264.8598982303369,0.1861139112903226,1035.9960741049786,0
-71.947815,99.85424,-93.83683,-35.71407,-74.48376,17.815916,-45.81899,9.477321,-22.785517,27.609999,-10.129622,3.265818,-25.275888,241.91014112536698,0.1613060735887097,911.8558344358675,0
-50.9321,41.13096,-97.12013,-61.632683,-23.156136,-13.329043,-18.859682,12.821133,1.128775,-8.9918,-21.373789,7.119909,9.242483,295.02708210342746,0.20375504032258066,1106.3957227555857,0
-20.182768,55.66478,-81.42027,-64.99427,-34.16802,-8.199537,-26.4515,-0.6275249,4.875712,7.3264794,-16.201588,-11.727594,-3.521502,258.4564039822651,0.18609816028225806,1035.7372530690568,0
-45.764503,55.552773,-80.25489,-65.76475,-34.28392,-6.9847374,-26.238586,-0.05240787,4.6204886,7.763443,-16.176249,-10.946482,-1.9568875,276.2537661513123,0.18657575334821427,1043.7406177893383,0
-110.39181,0.64449185,-59.12537,-3.201608,12.948947,-11.956244,-16.71642,16.629612,-8.494923,-6.735752,-13.579488,5.239134,-10.226355,253.54774489478686,0.32380445075757575,1482.932908240334,0
-100.78201,0.50395066,-53.58356,-2.6452947,13.141131,-11.513637,-14.891891,15.689583,-6.564947,-6.7612915,-12.205826,4.722151,-9.03566,253.54784810170597,0.3253802675189394,1500.7783125459953,0
-110.39143,0.64584434,-59.12512,-3.199995,12.949965,-11.954389,-16.71537,16.630901,-8.493733,-6.7340536,-13.5784235,5.241023,-10.224981,253.54774636029194,0.32380445075757575,1482.920264137703,0
-155.54788,39.037975,-83.32639,10.199442,-13.270715,26.186262,-46.76589,26.185625,-14.246547,11.894464,-25.635105,1.0364007,-6.8011336,225.23420253418817,0.2970303622159091,1302.8199056727753,0
-152.81624,-12.602055,-58.38558,10.891984,6.1747546,-21.119354,0.7241624,10.239374,-17.71297,-4.90568,-5.14935,-0.9944591,-14.190659,284.67141825345095,0.35835404829545453,1610.2802727925937,0
-108.735855,1.7701597,-59.412003,-3.6144238,12.983201,-11.738535,-16.93082,16.953718,-8.152291,-6.83456,-13.589662,5.7015705,-9.929554,250.96224549594467,0.3236712831439394,1479.8771557542314,0
-138.7966,-1.337429,-60.862556,-4.2385926,13.265871,-11.515509,-16.606646,18.182447,-8.641827,-4.8614516,-13.804117,4.9321966,-11.4238615,258.451121294512,0.3282552083333333,1493.0901846468573,0
-88.15303,102.360664,-47.65093,-40.206894,17.277046,18.876219,-15.469828,-6.2427163,-5.736513,-4.467179,-13.009896,-19.366112,-4.0611887,233.1414685266196,0.16227213541666666,923.0343379067267,0
-75.62634,90.3616,-42.89139,-38.782642,15.465311,18.54891,-13.628736,-7.8227973,-4.4019647,-4.378365,-13.502177,-16.645235,-6.499501,233.14361229035077,0.16971028645833333,984.8093841726109,0
-88.15358,102.36026,-47.650364,-40.209156,17.278114,18.875624,-15.47095,-6.243238,-5.7361007,-4.4691668,-13.00937,-19.366356,-4.0623875,233.1414712227329,0.16227213541666666,923.0456871398048,0
-134.40007,137.15799,-57.708214,-22.604706,-25.739363,49.012047,-24.05783,10.748403,-22.324972,9.350382,-14.919297,-4.7631006,-22.043676,212.9329795099474,0.13868815104166668,803.6610046876992,0
-119.36812,93.94389,-67.11415,-19.193174,25.811823,5.434733,-25.092901,3.158422,-14.712916,-5.8368673,-28.269732,-0.06550361,-16.642761,267.25335818497246,0.185791015625,992.7192970037993,0
-88.049126,103.21189,-47.521194,-39.915565,17.495544,19.190035,-15.37222,-6.142221,-5.591849,-4.363257,-13.033115,-19.329233,-4.020279,240.22983759722652,0.16163736979166668,920.4686660303578,0
-107.885544,102.83535,-49.996143,-40.234978,17.941715,18.887318,-15.471523,-5.9432716,-5.654711,-4.939434,-13.741263,-19.262682,-4.3109202,237.42320988694098,0.15453197337962962,917.0996165721956,0
-80.473724,89.36145,-51.55437,-68.68581,-26.488993,23.390945,-12.750922,-6.20916,0.7887349,-4.238016,3.0088146,-14.691795,-4.1032133,272.0178873524129,0.18578361742424243,917.671863782251,0
-72.30677,83.87538,-47.45832,-67.2195,-24.51802,21.970163,-9.64101,-6.5137296,0.8707446,-2.7635722,2.569577,-13.848411,-3.685931,272.0191166502458,0.18647165009469696,942.2484020005812,0
-80.47326,89.36176,-51.553944,-68.684814,-26.488539,23.391846,-12.750164,-6.208401,0.7893555,-4.2373757,3.0091016,-14.691112,-4.102994,272.01788787055773,0.18578361742424243,917.6703174461194,0
-131.26254,124.65428,-50.95309,-41.149986,-67.687065,32.113613,-11.923011,4.004487,-11.925901,5.534527,-9.722945,11.2023,-21.133263,242.35673263566284,0.1701364228219697,796.4768544312635,0
-116.941246,80.063614,-72.95904,-61.19826,-3.0995271,21.918945,-26.28357,8.025,-9.064626,3.7381456,-14.719066,-4.4724655,3.2138422,305.4029898783329,0.21645655776515152,981.6884852058796,0
-79.997765,90.40669,-51.295128,-68.52779,-26.472368,23.401665,-12.753574,-5.997642,0.89732224,-4.1147895,3.0342062,-14.807419,-4.070738,272.0233909873817,0.18596857244318182,914.676676535795,0
-113.0443,90.74999,-49.974205,-66.49622,-24.985104,24.162403,-11.921156,-4.9990892,0.084990665,-5.4375663,1.396223,-15.557174,-4.7161474,272.02155693431274,0.1845703125,914.9949136722886,0
-42.365963,26.776182,-77.381966,-2.3074343,1.6886557,-3.599085,-14.094375,13.604352,-21.04289,-10.769087,-9.613199,-4.255571,-5.7639117,252.91956680142366,0.299501953125,1246.4354093505917,0
-38.58378,25.27191,-73.81382,-2.8202314,3.3464828,-3.9903731,-12.603337,12.86362,-19.30908,-10.99851,-8.524807,-3.6563005,-5.0784087,252.92040777985017,0.301748046875,1256.6791636912596,0
-42.365726,26.775904,-77.38171,-2.307329,1.6887535,-3.5986798,-14.094177,13.604509,-21.042913,-10.76919,-9.613047,-4.2556367,-5.763412,252.9195661015073,0.299501953125,1246.4365428081182,0
-92.53154,70.278435,-99.303986,11.315032,-20.617857,26.48615,-38.31343,24.656214,-16.714882,-3.2669888,-20.35299,-4.53723,-8.935265,228.46983998596863,0.243359375,1086.4249642699965,0
-79.39643,10.807716,-76.80408,11.404528,-2.1346722,-8.53779,-6.4578905,3.101362,-29.202753,3.110269,-16.28459,2.5631177,-17.94806,280.0356015605199,0.294033203125,1350.3769960317534,0
-40.084118,28.161718,-77.27222,-2.4526122,1.7108872,-3.6623132,-14.122531,13.339021,-20.991028,-10.775443,-9.365906,-4.14215,-5.490602,252.9199047371594,0.299716796875,1242.9530803246641,0
-74.131355,25.320665,-75.74075,-0.87894124,3.6034348,-3.5364,-13.543814,14.262494,-20.129005,-10.576677,-10.167483,-5.101749,-6.254098,249.92690874279964,0.27058211616847827,1257.8588749379421,0
-26.363623,58.411655,-57.061676,13.495769,-8.267798,-13.668482,-4.7450624,1.198645,-23.005596,-1.6542099,-8.185126,-15.995729,-2.9500449,251.09688188327357,0.11260395665322581,1069.474662385618,0
-23.360043,55.32734,-54.325253,11.711564,-6.960689,-14.219097,-4.021504,0.7584346,-22.328175,-2.0789523,-8.176457,-15.946643,-3.293545,251.09742393191294,0.11436806955645161,1081.0893680431539,0
-26.363874,58.41062,-57.061546,13.495298,-8.267638,-13.669209,-4.7445135,1.198034,-23.005041,-1.6552545,-8.184487,-15.996797,-2.949108,251.0968799684289,0.11260395665322581,1069.4757966887114,0
-71.58129,99.398254,-79.73457,29.502592,-22.72712,10.00233,-29.45952,24.126253,-26.883162,-4.001252,-9.156612,-3.8748672,-18.944004,223.76020609171806,0.1232516381048387,922.0675580142606,0
-60.15891,43.707867,-57.827435,18.481213,-21.318762,-7.923331,-4.8890877,-8.4548645,-19.892115,6.317348,-26.043516,1.6167156,-10.577928,281.68292383481776,0.15793535786290322,1148.931978753271,0
-24.833742,59.835587,-56.522057,12.847895,-8.062323,-13.830803,-4.5757494,1.2671857,-22.778498,-1.730886,-8.128157,-15.857623,-2.9785388,251.03821667989124,0.11406880040322581,1063.8246919570172,0
-54.6472,57.926773,-56.45548,15.122165,-7.5096655,-12.266189,-3.792975,1.1803933,-22.84271,-1.2628306,-7.949049,-16.657951,-3.996684,251.00583834237418,0.14244342672413793,1084.8080938631326,0
-48.522247,81.77777,-56.956272,-55.25698,-17.8948,4.9322786,-8.93534,16.001268,-6.352307,-4.4616537,-14.678103,-14.111494,-7.4264135,227.3350175097743,0.18311264935661764,994.4763922368012,0
-43.448555,77.394646,-53.979786,-55.081776,-17.263943,4.4182224,-7.014821,14.7765665,-4.9207244,-4.6426897,-14.216766,-13.557405,-7.412302,227.33691042614004,0.18396714154411764,1014.0669099702271,0
-48.521996,81.779755,-56.955704,-55.25541,-17.893837,4.9335885,-8.934215,16.002686,-6.350972,-4.460725,-14.676304,-14.110262,-7.4250326,227.33501585066566,0.18311264935661764,994.4723936424504,0
-102.80852,115.47122,-61.8295,-31.643204,-53.97682,22.979488,-28.991997,22.770945,-8.00235,6.7548385,-11.805153,-7.7832713,-16.480438,220.0223956520025,0.16338034237132354,864.2025496364612,0
-83.26858,71.04685,-74.96101,-47.83322,-5.7100596,5.347561,-2.8336475,12.481585,-20.201769,-3.326442,-25.262365,1.2404673,-13.768532,246.9008229828057,0.20369226792279413,1073.6037434182501,0
-46.275513,81.35699,-57.495407,-54.874928,-17.298103,4.81608,-8.972596,16.140707,-6.14323,-4.572499,-14.822216,-13.943044,-7.394432,227.1692786125015,0.18336397058823528,997.7784508167315,0
-80.79173,81.40216,-56.420235,-54.963547,-18.48761,5.1508856,-8.710369,16.618692,-5.1457787,-4.03888,-15.406181,-13.8367405,-6.2230725,250.13191994397633,0.1787896925403226,986.4870536210658,0
-21.327513,20.250252,-55.379833,-38.130188,8.922276,19.02678,-26.571476,7.065133,-19.826887,4.180908,-3.7910852,2.0390084,0.24636726,273.4493458545297,0.26720907521802323,1415.635133884054,0
-19.481798,19.874243,-54.40554,-37.46805,8.981103,18.817644,-25.756838,6.5543375,-19.284111,4.1092553,-3.4968903,2.1368074,0.3639018,273.44905139513116,0.2668400254360465,1420.0148870652322,0
-21.327312,20.250553,-55.379665,-38.129745,8.922351,19.02705,-26.571247,7.065238,-19.82635,4.1810904,-3.7905383,2.039508,0.24681415,273.4493451199485,0.26720907521802323,1415.6334095597947,0
-75.42093,62.63253,-76.75841,-12.100885,-41.29121,56.747593,-42.209743,22.035559,-26.91123,3.639998,-11.468626,4.0379276,-2.211771,248.78743615454604,0.23812227470930233,1231.1028755799648,0
-60.788246,8.969363,-62.805435,-24.615404,23.83285,-2.0617094,-21.376022,5.390607,-17.605776,13.028411,-13.73975,9.116448,-17.176905,303.75967110631586,0.28965865734011625,1518.7787312027226,0
-20.537615,20.423077,-55.66538,-38.454147,8.822671,19.161768,-26.56919,7.295782,-20.037924,4.1124787,-3.7897239,2.2238252,0.27639273,269.09628819541103,0.267078488372093,1415.8260288549668,0
-53.254345,20.62329,-54.98699,-37.991096,7.9825315,18.753849,-26.73368,7.046946,-18.631695,3.9988396,-4.3310623,1.5814581,-0.4241871,275.84379221168103,0.2631272536057692,1397.6755599623505,0
-40.103905,61.456375,-76.96405,-7.2599936,21.744076,-13.947771,-2.1927083,-0.5253282,-21.22134,-10.191413,-2.571658,-20.377695,-19.771688,295.952219485865,0.2684795673076923,1140.9233933876346,0
-36.78805,58.432693,-74.63858,-7.373425,21.50745,-12.825947,-2.2956216,-0.25452688,-20.426868,-10.351653,-1.8974952,-20.290903,-19.154684,295.9507083187292,0.2695500300480769,1150.5217726757353,0
-40.104195,61.458084,-76.96377,-7.2594748,21.745121,-13.947657,-2.1914458,-0.52502686,-21.220266,-10.19085,-2.5708058,-20.376913,-19.771212,295.9522187751921,0.2684795673076923,1140.9231450391953,0
-80.20851,96.23064,-89.32846,-5.369135,1.4795965,14.9513645,-26.570015,23.536633,-24.043617,-7.030905,-16.973257,7.342554,-26.480349,263.6371788161478,0.21550105168269232,1004.077066617543,0
-74.77624,49.31269,-86.37568,19.257961,8.134735,-14.262363,-1.8874563,-11.078856,-23.884203,0.32400778,-23.697947,-18.552187,-5.008013,332.46248568013164,0.27574744591346156,1238.481474083402,0
-36.12589,62.724155,-77.520096,-8.453843,21.6442,-12.854559,-1.2946216,-0.20279282,-21.040453,-10.574038,-2.9740028,-20.062498,-19.208494,296.05506188579403,0.2698317307692308,1135.1700441518105,0
-59.645935,62.277554,-77.42634,-7.8097653,21.093414,-13.445849,-1.4119917,-0.66171366,-22.166895,-11.125554,-1.7519058,-20.591896,-19.92415,295.6481946615196,0.24241129557291666,1129.4306200599797,0
-82.52307,65.870735,-46.787563,-22.2265,6.763666,-9.313922,-8.151751,13.058702,-16.400412,-12.578712,-21.04856,0.46453157,-11.348692,243.2054766679115,0.17402824026639344,990.8625864895027,0
-75.2655,60.308224,-43.287735,-21.56504,6.3317375,-8.752215,-7.0675673,11.957451,-14.463441,-13.320847,-19.317604,-0.4822125,-10.106841,243.2062643519203,0.17560514856557377,1017.7103576201744,0
-82.52472,65.86983,-46.788704,-22.227694,6.762799,-9.315462,-8.15338,13.057929,-16.402092,-12.579902,-21.049871,0.46294826,-11.349237,243.20547545718077,0.17402824026639344,990.8659842866793,0
-132.89923,100.82922,-58.86676,-6.723949,-19.851622,21.279533,-38.02672,28.231522,-16.079733,4.730863,-28.714758,-6.926993,-9.413847,216.72637789440026,0.15272797131147542,844.5627218832292,0
-117.341644,57.09862,-56.852688,-10.062017,6.2275977,-13.12577,1.6942214,-1.0312331,-26.03285,-11.604325,-11.51556,-0.88199794,-17.142508,273.2742949220785,0.18759605532786885,1036.717959172946,0
-80.47304,67.30953,-47.091133,-22.578491,6.840183,-9.277098,-7.9821954,13.247476,-16.485722,-12.86357,-21.220497,0.22979318,-11.5023155,243.21226128716106,0.17384413422131148,987.7431234727925,0
-113.088974,64.744804,-47.951653,-22.855547,7.606894,-9.515046,-8.89145,12.899359,-15.972491,-12.689184,-20.681461,1.6481779,-10.407686,243.29030206451785,0.17814275568181817,996.7848356770525,0
-19.459585,18.811834,-59.1259,-22.528458,15.117857,-4.802984,-7.6543636,12.530212,-17.901049,-13.001565,-2.8499212,3.2433748,-6.7422695,375.56357563615296,0.22609230324074073,1296.1954745611733,0
-17.617172,19.053553,-57.822754,-21.725246,15.121316,-4.969942,-7.530286,11.905872,-17.530998,-12.943567,-2.4239802,3.4521663,-6.076409,375.56175869180953,0.2281177662037037,1300.5450195088497,0
-19.459822,18.811691,-59.126244,-22.52882,15.117504,-4.802848,-7.6543612,12.530678,-17.900837,-13.001671,-2.8496137,3.2432506,-6.7422457,375.56357859141826,0.22609230324074073,1296.1969919018816,0
-58.74249,59.666386,-72.872955,-9.816334,-16.009035,26.91208,-36.16304,31.27825,-16.611383,0.9962716,-26.466965,11.636292,-8.393008,340.9644928492349,0.20478877314814814,1118.1643573283247,0
-62.6116,7.7841663,-70.208275,-3.4244578,14.277688,-9.874196,0.654441,-1.972052,-26.172115,3.83458,-2.1651876,-1.0144141,-12.610753,178.53393985180375,0.27589699074074076,1358.8482914296255,0
-17.051277,21.124744,-59.230576,-22.95375,15.03997,-4.7655663,-7.8830934,12.660523,-18.582502,-13.888316,-3.4791002,3.2359786,-6.9875026,367.3512772537699,0.22672526041666666,1289.1313022206411,0
-38.331203,22.408875,-59.369633,-23.793982,15.717591,-5.365008,-6.877074,12.714676,-18.096485,-14.171608,-2.247107,2.8813276,-7.4906793,382.93882156003156,0.23854573567708334,1259.5689212632262,0
-50.22095,78.32525,-16.321346,-79.25559,-6.279505,11.829033,-7.179717,1.9202206,-0.95946795,16.00672,-25.67382,-12.686559,-25.987757,260.8686844208186,0.18785121984649122,1131.9253150401346,0
-44.883415,74.794586,-16.820839,-75.59677,-7.447424,11.080591,-5.4313045,1.2578018,-0.4453394,15.623715,-24.703579,-13.023479,-25.130283,260.86708973394485,0.19075520833333334,1143.80132092197,0
-50.22088,78.32535,-16.321217,-79.255554,-6.279379,11.828704,-7.1790495,1.9197735,-0.9595564,16.007292,-25.67421,-12.686588,-25.98733,260.8686824136386,0.18785121984649122,1131.9245248199993,0
-106.16758,110.80858,-23.515272,-41.195084,-60.792145,43.28816,-31.02564,31.172949,-33.948246,35.834816,-15.64841,6.0550876,-29.920967,233.25715143310555,0.18008155153508773,1004.7307906111789,0
-83.85847,73.008484,-40.853092,-74.903755,16.476536,1.5751753,-2.1876106,0.6625781,9.632132,-16.302248,-26.549881,-9.581501,6.357958,288.9665208724542,0.2133275082236842,1182.2255223861284,0
-48.297073,78.19746,-16.574074,-78.214134,-6.39967,11.294234,-6.966721,1.9990171,-0.9312575,15.89166,-25.447487,-12.611857,-25.709593,263.3037854330169,0.18809107730263158,1132.2718375014513,0
-80.16984,79.41992,-15.7731,-77.57331,-6.5925274,11.271567,-7.188761,2.2148616,-0.69817626,15.121109,-26.784351,-13.988381,-25.78754,272.20116979732273,0.18365948016826922,1111.7774790247129,0
-89.00002,51.308025,-35.406628,-6.0558085,-26.693426,3.9991417,11.601096,-20.465326,-18.833408,-1.9189937,-18.95874,-12.700935,0.5076989,275.8273670247883,0.14971758868243243,1054.123068168208,0
-82.56077,47.29671,-32.603428,-6.439964,-24.699337,3.9176326,11.28889,-19.052124,-17.688421,-2.192674,-18.329777,-11.688478,0.5226572,275.82829275745735,0.15087890625,1082.071368738317,0
-89.00086,51.308945,-35.40725,-6.055297,-26.693253,3.9996848,11.601137,-20.466043,-18.833557,-1.9194416,-18.95899,-12.701129,0.50830686,275.82736525652354,0.14971758868243243,1054.122648277494,0
-134.53105,85.91736,-54.60128,20.374008,-46.126358,8.675716,-4.315583,16.623455,-37.75176,4.8935227,-18.403831,-12.0733,-19.017452,245.8680049278907,0.13612489442567569,891.1787198412659,0
-126.27096,39.53151,-44.185658,-5.8718257,-27.678398,20.120106,-10.095317,-23.600948,-9.653048,-3.9477184,-20.77502,7.5983095,-16.0779,309.5156194692443,0.20433910472972974,1158.8987883300701,0
-85.79859,52.214092,-35.886433,-5.6687236,-26.818466,4.70843,12.085692,-20.068802,-18.67083,-1.9339229,-18.865398,-12.61896,0.5647768,275.6697025990822,0.14796241554054054,1057.3766588043559,0
-115.31827,52.34726,-34.67172,-4.911441,-25.90961,2.485205,10.866907,-19.814093,-19.175232,-2.1842263,-19.280354,-14.45321,-0.87871355,275.9146163996428,0.13526826746323528,1019.3506244552916,0
-38.822784,58.660957,-77.1141,1.9594836,3.894393,-12.556478,-2.1581976,14.714298,-11.386786,-10.76247,-12.907309,0.8827409,3.036767,322.6658635571602,0.2481256300403226,1116.4432054732538,0
-34.78477,55.101727,-73.28827,0.17303383,5.4967995,-13.192603,-1.0788786,13.752737,-9.986209,-11.704772,-11.844667,0.37558785,3.41334,322.6652228448771,0.2487241683467742,1131.7654375975883,0
-38.822254,58.66031,-77.113556,1.959132,3.8945506,-12.556632,-2.15842,14.714379,-11.387024,-10.76236,-12.907266,0.8828654,3.037248,322.6658616535205,0.2481256300403226,1116.4433809453137,0
-94.25111,106.5873,-98.51995,15.664236,-16.75941,18.35234,-35.68906,32.930477,-13.497806,10.537315,-25.640524,-2.3434854,-9.142544,285.023386762009,0.21044134324596775,964.2051404554924,0
-75.662865,40.685432,-81.12466,16.273045,-5.941513,-6.925317,7.2022676,3.5166721,-22.856901,-3.7738905,-6.1821017,10.132638,-15.746235,362.48232008323464,0.2623094128024194,1224.8407243436372,0
-37.557766,59.65942,-76.571815,2.275939,3.9855363,-12.231251,-2.0721798,15.152893,-10.935228,-10.307403,-12.528704,0.8507932,3.0235403,322.34212944835707,0.24744833669354838,1114.3828435108232,0
-67.79154,59.416523,-79.019295,1.7341589,4.1981325,-12.532893,-2.6359668,14.201089,-11.955485,-10.292021,-13.01268,0.8307776,3.70519,322.4659844189756,0.24141148158482142,1108.9705018923385,0
-70.89383,73.317345,-33.60058,-50.8604,-10.076196,-5.1331887,-3.4351597,8.418497,1.0834504,-19.88055,-13.705976,-1.4276007,4.073173,319.9492448948097,0.17268880208333334,962.1579095198987,0
-65.69028,69.978546,-31.85845,-49.087948,-10.366512,-4.2891645,-2.999769,8.712424,1.1197771,-18.826511,-13.725008,-1.1925514,4.456487,319.9493153426206,0.17346643518518517,981.749220571109,0
-70.89381,73.3172,-33.599644,-50.859653,-10.076495,-5.1318088,-3.4347708,8.418705,1.084453,-19.880623,-13.705426,-1.4271538,4.073273,319.94924274007474,0.17268880208333334,962.1607645161588,0
-113.89391,104.81064,-40.71709,-25.282305,-43.65163,17.847853,-29.907402,20.71589,-7.2406335,13.993012,-31.79036,-1.7291168,-15.050584,359.92922156221636,0.15623191550925927,831.0370180636378,0
-111.17807,66.9131,-58.216507,-40.699192,-4.7086253,1.7585577,-1.9045628,9.976135,-22.758816,-12.493053,-2.4132965,7.9648795,-10.978235,237.15172569058865,0.19798900462962962,1008.232220085481,0
-67.38744,75.59518,-32.503746,-50.14686,-9.917414,-4.69762,-2.2950444,8.618361,1.5388893,-19.29926,-12.644743,-0.62527966,3.9497042,312.5422965728117,0.1734302662037037,955.7454470512181,0
-93.138664,75.45256,-34.268116,-50.861874,-9.743377,-4.237014,-2.6256292,8.180768,0.60796016,-20.05854,-14.286751,-1.673942,3.280897,321.35801615139434,0.17193359375,944.8055830131922,0
5.676037,47.56378,-49.944202,-16.252586,7.9863577,-6.0644784,-35.57911,4.5939593,-28.66851,-16.544062,-14.520668,-17.413046,-13.729146,223.15842628197888,0.14191228693181818,1147.9289457622508,0
7.802888,47.543262,-47.82013,-15.432417,9.5392275,-5.4458117,-33.49719,4.656071,-26.63639,-16.191076,-13.202237,-16.719086,-12.482411,223.15822984773516,0.14342151988636365,1154.1337533864676,0
5.676073,47.564125,-49.94398,-16.252537,7.9867063,-6.064199,-35.579098,4.594276,-28.668753,-16.54395,-14.520769,-17.412973,-13.729003,223.1584215083975,0.14191228693181818,1147.9296355071685,0
-43.96111,91.88419,-70.08259,9.542031,-27.8286,40.853313,-58.22733,18.144442,-28.002083,-4.3958683,-28.343328,1.4204245,-30.302155,222.57161120481518,0.11973248106060606,1006.4765776610049,0
-24.95,36.426025,-54.84687,-5.4095836,10.357912,-25.12013,-22.63198,-3.472489,-36.8599,-5.2179527,-23.068054,-11.086296,-9.814316,250.37811816561913,0.13926373106060605,1203.166333524736,0
8.706009,50.991673,-47.123466,-14.458585,8.501397,-5.167303,-34.165745,5.680907,-27.249912,-15.803329,-13.025752,-16.127861,-12.700119,222.61668498513205,0.14268169981060605,1138.2651174954153,0
-17.974413,49.66483,-47.260677,-13.568818,8.443043,-5.7992306,-34.62592,6.3919954,-28.06487,-16.155668,-13.780469,-16.556501,-13.792679,223.41558691336326,0.11790364583333333,1136.6242989500533,0
-22.148832,83.60133,-49.187187,-51.813908,0.039434697,11.382421,-30.786818,10.888928,-2.711861,-4.5692887,-21.8518,-15.661145,0.80919355,311.5830453974123,0.18961210029069767,1006.8526163153766,0
-19.118017,81.22512,-47.52232,-51.326637,0.6561305,10.943865,-28.898037,9.93966,-1.5260392,-4.5651183,-21.246513,-15.347208,1.2254103,311.5815810864646,0.18980514171511628,1017.6370175416055,0
-22.150213,83.60003,-49.188988,-51.815323,0.038206547,11.380265,-30.788004,10.887378,-2.7135549,-4.570999,-21.852978,-15.663008,0.8075787,311.583044068741,0.18961210029069767,1006.8540261877047,0
-77.34669,124.9917,-59.119946,-22.188105,-46.89403,47.683952,-45.169186,13.517314,-14.181647,15.671404,-16.49928,-8.93693,-23.337896,279.2456540878843,0.16301780523255813,859.7584819429526,0
-58.19169,71.736145,-66.130844,-40.604572,15.058527,-4.537567,-19.810944,17.873354,-19.389296,-10.034067,-25.874187,8.349339,-10.008419,343.2943169588095,0.21468477470930233,1094.001849581793,0
-20.787657,83.754585,-48.62616,-51.08868,0.15382922,11.3207245,-30.37285,10.651165,-2.6148212,-4.6661525,-21.911749,-15.5763035,0.8424859,304.5888525363157,0.18943041424418605,1005.9152373614186,0
-50.020878,84.815506,-47.091816,-50.403687,1.5209719,11.933019,-30.795424,10.750337,-3.0592694,-4.65636,-21.586905,-16.276073,-0.053175326,314.17329334190237,0.17893629807692307,988.5476004937261,0
-100.87544,53.230534,-64.86236,-28.260628,26.779491,4.931353,-19.508875,-4.8944225,-2.7690012,-10.015733,-16.23158,-0.28695077,-0.565116,282.78009977838644,0.2684889573317308,1095.449705913395,0
-91.74528,48.243904,-60.29426,-27.05025,25.586317,5.4410377,-18.459658,-5.343166,-1.3265222,-9.6721325,-15.407503,0.21499188,-0.18496774,282.7808116201615,0.27072378305288464,1121.2853243916038,0
-100.875946,53.23017,-64.86336,-28.261631,26.778625,4.930325,-19.509792,-4.8948803,-2.769808,-10.015983,-16.23206,-0.28690723,-0.5664208,282.7800982212154,0.2684889573317308,1095.4506089083484,0
-148.41751,90.80383,-75.04717,-20.464802,-9.006455,40.23704,-32.693974,5.602502,-21.256153,11.910782,-24.740116,-3.7739668,-9.340113,258.7324384424951,0.22300368088942307,944.013328479132,0
-141.60098,44.387363,-75.57121,-2.859259,27.79404,-8.884375,-20.394316,2.2114704,-13.753618,-11.386595,-6.894645,5.6826935,-20.712553,320.01501043903716,0.2799541766826923,1176.110150441384,0
-98.68877,54.526585,-65.503044,-28.335012,27.033377,4.958669,-19.438837,-5.1124806,-3.357391,-10.271297,-16.082691,-0.25938803,-0.9510329,280.66291610336316,0.2686579777644231,1093.1618281806082,0
-129.6603,55.269516,-63.85583,-28.09099,26.857979,4.91361,-20.220482,-4.558182,-2.758955,-11.054126,-16.98473,-0.62000704,-1.297492,292.12157090771075,0.253662109375,1072.0333540603008,0
-119.67849,71.72067,-30.762102,-8.206246,5.571346,-4.2938066,-25.935041,12.972621,-18.63762,-13.992018,-10.213067,-5.3055177,-1.5585941,259.21618995574465,0.10422479538690477,980.8648714248886,0
-108.93806,62.12063,-25.121933,-9.018547,6.1041455,-5.2474666,-22.174643,9.219705,-14.650541,-14.920898,-9.185846,-4.6322002,-2.009889,259.2179839781907,0.10688709077380952,1038.729651268672,0
-119.67869,71.72,-30.761826,-8.205501,5.5708566,-4.29356,-25.934647,12.972264,-18.636648,-13.991833,-10.213398,-5.304915,-1.5584368,259.21619184211715,0.10422479538690477,980.8604759984077,0
-167.59656,103.62262,-42.535255,8.216219,-20.044083,26.96567,-43.631752,15.510456,-10.47184,-8.588757,-18.099813,-8.035765,-6.0053153,230.8393147809845,0.08944847470238096,798.993346515116,0
-156.18462,63.301903,-37.10055,0.87803507,5.692138,-16.230091,-15.274955,8.153716,-33.935463,1.0474838,-15.449816,3.5670254,-22.21022,291.0361857381826,0.12361653645833333,1054.2473615476435,0
-117.276596,72.66786,-30.30427,-8.106722,5.8998404,-3.8970857,-25.258568,13.286349,-18.409107,-13.944511,-10.150755,-5.10227,-1.5988503,256.9115640704569,0.10478283110119048,980.7364005030994,0
-147.471,72.72103,-30.195541,-6.6562047,7.372055,-3.0916462,-25.474463,11.195665,-19.606197,-13.616331,-10.225177,-5.8101845,-1.5023179,259.1125723250722,0.10432514391447369,947.4354748098868,0
-28.28128,88.00563,-76.23958,-50.202473,-9.710559,-1.5582062,-23.828415,5.4788327,19.821747,-19.049381,-19.365011,-12.488864,-2.8390207,208.86951422291526,0.2189453125,989.0419420665028,0
-24.359005,84.22794,-73.18185,-50.882942,-8.794383,-1.8568764,-22.848198,5.5624323,19.767962,-17.925943,-19.671831,-11.954575,-2.2726219,208.86951983853956,0.218310546875,1001.9968846467306,0
-28.281643,88.00486,-76.23982,-50.20358,-9.710783,-1.5587415,-23.829243,5.4783735,19.821222,-19.05035,-19.365326,-12.489742,-2.8396854,208.8695167027125,0.2189453125,989.0459685781536,0
-82.01769,123.70094,-83.42733,-33.835823,-45.04322,24.709942,-34.527332,-1.227676,0.32752162,24.348349,-26.24342,-4.2602015,-28.13432,190.08228466765362,0.19425048828125,878.4410585949693,0
-60.035706,75.36377,-96.322945,-36.387024,-5.30445,-6.5138955,-19.988806,26.518932,-12.85811,-25.415842,-11.696652,-1.2195847,-3.3330421,231.4966680707452,0.2428466796875,1073.1501194829902,0
-28.938253,88.11836,-76.45206,-50.26935,-9.793571,-1.380151,-23.657398,5.630529,19.956347,-19.068575,-19.23071,-12.497002,-2.6640828,222.94057213761863,0.21895751953125,988.9838144062626,0
-58.61278,88.841385,-76.73763,-51.433514,-9.137256,-0.48137793,-22.90694,5.388093,18.78413,-18.114933,-19.631903,-13.783601,-2.2452288,211.42728877796225,0.21430268158783783,988.308226489775,0
-140.07933,49.88047,-52.58439,-27.708809,7.8294177,4.3063254,-21.378565,2.370791,-12.602415,0.14397505,-14.641983,-6.499647,2.4316192,269.36680301233037,0.233123779296875,1067.1319653618398,0
-122.38985,41.689365,-44.776783,-25.410347,7.9462376,3.8376021,-17.598082,0.47812694,-9.529532,-0.8899496,-12.720629,-5.9946494,2.6468315,269.3675325561999,0.2357177734375,1122.499755795839,0
-140.07906,49.878216,-52.586666,-27.708986,7.8278522,4.3034344,-21.379791,2.3676217,-12.6048355,0.1411792,-14.643624,-6.5020123,2.430197,269.36680411093,0.233123779296875,1067.1444090740522,0
-182.55307,85.55041,-65.57286,-11.793974,-26.312708,35.289513,-36.663467,13.284582,-22.108852,6.6494617,-11.712275,-7.9807844,-10.538874,239.97928622577382,0.19989013671875,920.2312475309565,0
-177.68646,38.404404,-62.487362,-11.986305,10.396906,-9.8787365,-17.896402,4.3995504,-15.512634,-0.9594482,-19.110176,11.677991,-17.466532,289.7160029317645,0.2482452392578125,1141.9140082292179,0
-134.17946,51.082924,-52.494072,-27.388432,7.515293,3.9516575,-20.458395,2.4888716,-11.928184,-0.07486898,-14.217524,-6.0906014,2.1606696,269.81844404486264,0.23223876953125,1069.8648253911597,0
-167.86423,51.1065,-51.434788,-27.789738,9.055026,5.224297,-21.75756,2.0047145,-12.835298,0.18288429,-14.671561,-7.065421,2.6823113,269.2467811695586,0.21472981770833333,1052.1398287133716,0
-79.12997,80.39957,-32.990223,-15.917292,21.077255,4.441371,-20.453627,-5.4331155,-13.649248,-7.6880383,-16.197397,-12.132618,-17.491476,284.44896798406603,0.09333147321428571,910.5413188724102,0
-72.71336,74.669914,-30.34342,-15.080828,20.283882,4.421846,-18.88101,-6.320695,-12.438408,-7.8102503,-15.474462,-12.139354,-16.681593,284.449597563819,0.09282709478021978,940.9909135518558,0
-79.131,80.39792,-32.991703,-15.918567,21.076015,4.4399524,-20.455124,-5.4347177,-13.650462,-7.690029,-16.19813,-12.134466,-17.492981,284.44897109614806,0.09333147321428571,910.5443721265577,0
-132.55681,112.46271,-43.66757,-2.7448552,-10.762579,38.721893,-31.45353,9.700253,-25.372063,3.6674502,-20.26564,-2.372986,-16.449657,253.2606571122167,0.11732164320054946,801.3251696782497,0
-115.570366,75.28329,-43.190716,0.6323117,20.323378,-11.323387,-21.194822,-2.6382155,-18.509415,-10.171162,-23.197056,-9.8465185,-17.538061,318.21471025409267,0.10459950206043957,937.3658726399556,0
-78.070915,80.816956,-33.512924,-15.956743,21.243284,4.3923683,-20.460035,-5.257137,-13.875109,-7.888063,-16.241322,-12.121861,-17.62646,284.35122407979907,0.09293440934065934,911.6133563978285,0
-111.38763,80.59024,-33.589573,-14.594161,22.429832,4.9612865,-19.398323,-4.888227,-14.473912,-7.6514134,-15.294371,-11.665646,-18.356516,282.67578892656326,0.09475633574695122,893.0113884767245,0
-13.241057,60.883366,-45.657883,-31.986664,-46.139168,5.237374,-35.15524,-17.092543,14.9896345,6.6336446,-2.8126793,-12.351547,-12.53223,347.67227088581564,0.1755652794471154,1034.3738200627906,0
-11.433404,59.62537,-43.921734,-32.62942,-44.67833,4.4162602,-34.083782,-17.451735,15.533489,6.456277,-2.4111426,-12.405382,-12.318943,347.6719064675975,0.17552771935096154,1041.345744869763,0
-13.24098,60.88377,-45.65766,-31.986416,-46.139084,5.2375507,-35.154816,-17.092596,14.990041,6.6338415,-2.812763,-12.351236,-12.532121,347.6722730736529,0.1755652794471154,1034.3730808741745,0
-67.2982,99.71125,-62.88692,2.787264,-75.73351,19.89362,-34.46277,-17.119772,-18.561226,24.14877,-6.133886,12.82493,-20.626556,309.8925686674579,0.15647536057692307,911.204028761429,0
-47.833015,48.281242,-54.428177,-36.099552,-36.05904,2.897511,-43.389523,18.85902,8.887231,-3.1784549,-17.093393,-5.618624,2.6647532,390.1369140827189,0.18925593449519232,1127.3166610090846,0
-12.76986,61.386833,-45.40311,-31.855753,-46.4306,5.006173,-35.37881,-17.183102,15.150992,6.7578306,-2.847642,-12.461968,-12.61047,347.63928702876177,0.17570612980769232,1032.8912057398682,0
-43.837788,61.90167,-44.54119,-30.865793,-44.261868,6.6285915,-34.03315,-16.293715,13.96116,5.5656877,-3.7303748,-13.4541235,-12.286639,347.5659386294753,0.18273146609042554,1049.0341412642097,0
-95.74321,64.887085,-62.637676,-29.353373,16.827604,-6.374329,-11.440262,3.5726182,-5.861081,-13.948363,-10.658144,1.0807734,-8.650648,254.18532493666228,0.17750961061507936,1000.7917530429127,0
-87.61652,59.33588,-58.18312,-27.98968,15.537976,-4.971576,-10.852581,3.274734,-4.875954,-13.626752,-9.893357,1.0560058,-7.6194286,254.18529215993215,0.17911396329365079,1025.8479672265037,0
-95.74262,64.88762,-62.636906,-29.35201,16.828444,-6.373511,-11.438542,3.5734973,-5.859263,-13.946831,-10.656714,1.0821767,-8.649855,254.18532678415917,0.17750961061507936,1000.7890963907023,0
-147.76183,102.88767,-72.8962,-17.502022,-15.111884,28.70882,-34.520004,17.335726,-17.837412,9.364394,-30.14962,2.357016,-11.371295,226.47107424384322,0.17222377232142858,867.5164262301444,0
-137.19699,52.025864,-77.49133,-8.883199,13.7503805,-12.406379,-6.1519427,3.158704,-17.035118,-8.108746,-4.0750723,-4.4205627,-14.116761,285.1988680312732,0.2212069072420635,1090.123566732027,0
-94.347496,66.38196,-62.63407,-29.630096,17.03078,-6.270511,-11.432469,3.6103806,-5.9153156,-14.165854,-10.93278,1.0368818,-8.611276,254.18123566871026,0.17771112351190477,997.5857577657467,0
-128.81808,63.566742,-63.40755,-29.324226,16.1972,-6.0606065,-10.737319,4.0606785,-5.5595794,-13.723635,-10.786656,0.79821867,-8.177442,254.18768598681507,0.20373320997807018,1015.940073471575,0
-128.30646,44.998108,-53.51586,-49.17573,11.823821,12.054106,-17.769829,1.5195861,-0.40428346,-0.0018955336,-18.27759,-1.9304063,2.033654,224.5303947677174,0.2569676959325397,1158.4843742156581,0
-116.05526,41.17061,-49.231182,-44.24807,11.680255,11.923217,-14.816546,0.6265294,0.86549914,0.0073809396,-16.469845,-1.7427443,2.3533669,223.34745813689557,0.2573784722222222,1198.5848180817936,0
-128.30614,44.998837,-53.515194,-49.175552,11.823421,12.055481,-17.770498,1.5195211,-0.4038016,-0.0022325895,-18.278189,-1.9297761,2.0331259,224.530393937584,0.2569676959325397,1158.4872988292946,0
-174.9714,79.40223,-61.900963,-33.330032,-30.410826,43.151745,-28.648342,11.561117,-18.287243,18.179571,-15.342896,-7.9844575,-11.082354,360.2385952987145,0.22143942212301587,1001.3184122096421,0
-168.94711,36.03153,-69.69118,-31.836403,22.020517,-2.357632,-17.810785,8.964138,-6.7299943,-8.888047,-13.328433,11.572108,-12.553693,250.5787749255132,0.26411365327380953,1213.2219753339539,0
-125.595604,46.161335,-53.2434,-48.48391,12.109903,12.167422,-17.387838,1.5866125,-0.3028528,-0.014960122,-18.242886,-1.9316363,2.0781229,223.3504409127212,0.2564019097222222,1157.108230405801,0
-159.68086,45.14401,-54.0622,-48.587063,13.007603,12.248948,-18.487236,0.8819887,-0.59797215,-0.79971164,-19.289234,-3.3716598,1.9546354,224.4534874607426,0.2471217105263158,1161.4343685045712,0
-58.48807,39.035805,-63.16741,-27.893139,31.247961,-10.165522,-15.408076,0.5376564,-16.262514,-9.700388,-19.116488,-2.7047136,-17.593393,269.6041823169372,0.17647429435483872,1141.0317353208561,0
-54.011284,37.90943,-60.644245,-25.994421,30.260332,-8.429848,-14.969593,0.3741146,-14.336006,-9.740178,-17.585274,-2.0294783,-16.652765,269.60459178154,0.17661605342741934,1151.4191314741115,0
-58.488636,39.034378,-63.169113,-27.895397,31.245703,-10.1678095,-15.410234,0.53555334,-16.264124,-9.702715,-19.118029,-2.706329,-17.595661,269.6041818768562,0.17647429435483872,1141.036671552244,0
-99.637764,78.35362,-75.310814,-17.23436,-2.7310545,32.88474,-41.83776,22.215313,-29.325682,9.646256,-31.144636,0.35843045,-15.272217,232.34310454795815,0.14476751512096775,972.4526801503921,0
-99.53756,30.27521,-73.75876,-1.9848862,25.875933,-23.525898,-5.4297514,-4.426769,-20.41222,-15.037294,-14.131763,-6.9614873,-16.120602,292.75127957138585,0.21227633568548387,1210.865111982221,0
-55.78803,41.04921,-61.552322,-26.715717,31.25,-9.510965,-15.473555,0.10815142,-15.871263,-10.021829,-19.031515,-2.5849636,-17.900818,263.6059966743349,0.1763482862903226,1136.2200328738934,0
-80.65816,39.305077,-63.238827,-27.30969,32.1124,-9.061583,-13.957827,1.618438,-16.01623,-9.628647,-17.982357,-3.2347577,-18.423412,269.96722043175413,0.18580845424107142,1130.1031062850573,0
-74.250755,123.512024,-17.757786,-40.923374,6.624336,4.318254,-15.03911,-3.7139554,2.1801896,-5.7155995,-15.351927,-2.1188526,-2.4722474,322.17034614248274,0.11080616918103449,766.8854042073631,0
-65.301285,114.82764,-15.368012,-38.45323,4.362658,4.621383,-13.838826,-4.490578,2.3248277,-5.6182103,-14.8531065,-2.6815507,-1.7245282,322.1693826276693,0.11395474137931035,802.1224420329172,0
-74.24878,123.51112,-17.757124,-40.922615,6.625519,4.3174543,-15.037301,-3.713923,2.1809478,-5.715445,-15.350739,-2.1188848,-2.4714663,322.1703373818083,0.11080616918103449,766.8842946027661,0
-122.191956,150.11719,-21.245327,-19.820084,-26.870424,31.761854,-27.486246,7.154653,-17.122654,17.745161,-21.030796,-3.1928966,-11.333436,288.4923244115279,0.09632610452586207,664.2964106348921,0
-104.11763,120.23693,-43.52967,-32.43963,11.157749,-4.612758,-17.532913,5.657092,-6.986086,-10.548493,-8.678354,2.748754,-15.034915,324.62289160403344,0.13821726831896552,820.7451443366447,0
-74.70638,126.28192,-16.368694,-41.208908,6.507224,4.052514,-15.110174,-3.4099052,2.5337882,-5.966648,-15.554709,-1.626391,-2.220276,320.9286299227198,0.11136179956896551,752.213432780095,0
-94.80024,125.24909,-18.444523,-40.994,6.969185,4.289993,-16.274483,-3.587466,2.292549,-6.509718,-14.950431,-1.2730813,-1.889958,325.19549065553497,0.11559119591346154,760.4137363740144,0
-40.293915,38.901955,-14.349313,-78.307594,5.5654035,11.644947,-19.73844,-5.1461396,-26.504257,13.934616,-19.144749,-4.3851986,-12.160881,336.51808015148947,0.22447761656746032,1388.105181603305,0
-35.96827,38.91116,-12.833884,-74.733955,6.158174,12.497005,-17.59557,-4.9848766,-24.662203,13.874301,-17.82819,-3.8557096,-11.470024,336.51801760264067,0.22589595734126985,1392.7350405396237,0
-40.29374,38.90161,-14.349698,-78.3077,5.564812,11.64482,-19.73879,-5.146276,-26.504118,13.934382,-19.144796,-4.3851204,-12.161104,336.51808029458505,0.22447761656746032,1388.1052652238563,0
-97.30198,79.12157,-31.730175,-35.175613,-59.64997,58.892403,-48.135937,35.26428,-55.02845,19.970303,-20.36255,6.0960693,-22.359978,293.7441454018512,0.2356383308531746,1260.3063517835565,0
-82.74086,34.467506,-40.193977,-71.89187,26.172089,-10.0453415,-17.492178,-16.13212,-6.1504884,2.058356,-22.594296,3.8556075,-8.976384,383.8820633466422,0.25181361607142855,1383.553403566127,0
-39.208584,38.707626,-14.068256,-77.297874,5.529174,11.776656,-19.46985,-4.9347277,-26.22744,13.857604,-18.686983,-4.198919,-11.833809,334.8121283969771,0.22446211557539683,1388.980484439914,0
-70.60821,40.5679,-14.878564,-77.550415,5.928782,12.125343,-19.227955,-5.04322,-26.322502,14.234987,-18.711966,-4.0487385,-12.604419,338.56008443098193,0.23701343201754385,1368.328886177671,0
-67.63744,84.317024,-29.47333,-29.024017,2.8192708,-2.2465408,-11.500345,-4.8914027,-11.227848,-15.172912,-14.925023,-5.689231,-6.585661,294.3855446442455,0.12414336622807018,843.2375673608267,0
-63.093426,80.24953,-27.541029,-28.45438,2.3318539,-1.93497,-10.90153,-5.1011333,-10.827633,-15.134793,-14.535729,-5.7454486,-6.2638884,294.3857496631343,0.12485437225877193,862.7186357991303,0
-67.63788,84.31622,-29.473757,-29.024714,2.8189409,-2.247221,-11.500635,-4.892229,-11.228365,-15.173661,-14.925228,-5.6901712,-6.5862617,294.3855469531535,0.12414336622807018,843.2389687806492,0
-120.85603,115.54762,-41.152893,-7.796816,-28.425146,24.51067,-29.545704,13.5473795,-23.161587,5.9895315,-26.90292,-2.608108,-15.219209,262.3607296830042,0.1010913514254386,720.5862810328744,0
-103.533264,80.12933,-46.11491,-16.43581,4.539446,-6.036619,-14.284897,-6.239098,-21.58759,-10.638673,-12.089355,-3.9909005,-18.188793,330.35389356243667,0.13028543037280702,887.916283111977,0
-65.17214,84.710335,-29.170513,-28.070333,3.2475605,-1.8076445,-10.841162,-4.526054,-10.966951,-14.915257,-14.800752,-5.6569867,-6.5240874,294.43002780270984,0.1230725740131579,843.3225405942669,0
-97.421005,84.22523,-29.993277,-28.565971,4.02343,-1.5200068,-12.358445,-5.0188346,-11.116706,-15.3292,-14.417516,-5.5052137,-6.6490107,294.4622356650325,0.10648287259615384,822.488299301976,0
-71.523636,34.67613,-70.87249,-6.1301527,-5.254033,-27.118225,-0.74190754,10.281015,-11.946646,-10.552209,0.8106094,-1.2545111,-9.215951,373.72290350934236,0.2612116887019231,1226.1686079167525,0
-66.359795,32.834488,-66.840546,-5.9230857,-4.2404017,-25.736717,-0.08299316,10.294286,-10.998808,-10.489081,1.1554221,-1.0659409,-9.574296,373.72347758984506,0.2611553485576923,1239.942186393901,0
-71.524124,34.676357,-70.8729,-6.130917,-5.2536893,-27.119019,-0.7426602,10.280781,-11.946853,-10.552577,0.81008303,-1.2552994,-9.216242,373.7229042027253,0.2612116887019231,1226.1722236990179,0
-114.68359,74.868904,-90.500175,7.2579966,-21.332838,-1.1045805,-39.216843,28.320103,-14.975419,4.473424,-20.059053,11.551644,-11.431417,337.09507177169047,0.23321063701923078,1068.660999378966,0
-108.000824,23.02173,-75.89432,8.364191,-21.946682,-16.896908,9.413145,2.9618566,-18.276152,6.6626453,-3.9569964,-9.275077,-20.535397,281.8782788765245,0.27542818509615385,1315.836082654901,0
-67.839836,37.172512,-71.18427,-6.4181247,-4.2829857,-26.335371,-0.6480869,9.484314,-12.83864,-9.885911,1.2921865,-1.7118781,-9.438032,372.4177989304856,0.26143704927884615,1222.9111220335676,0
-89.605705,36.6078,-70.73769,-6.065348,-5.416578,-27.909042,-2.0459316,9.832631,-11.703877,-10.690193,0.92109394,-0.9848297,-9.461948,378.324408065687,0.24074300130208334,1202.6962112544488,0
-67.299774,41.12226,-38.489697,18.660992,-14.720083,4.6369634,-14.212698,9.429453,-21.733845,-0.4640479,-4.319032,-13.443399,5.767121,257.7568210708513,0.10368595566860465,1118.1760959280234,0
-62.42526,37.55367,-34.46361,15.532346,-12.231963,2.53191,-12.155526,7.897159,-20.076504,-1.3526253,-3.933153,-13.73623,5.3044615,257.7577365763812,0.10342478197674419,1136.2317887909194,0
-67.29969,41.12221,-38.49015,18.661018,-14.719958,4.637376,-14.212631,9.429481,-21.733356,-0.4634869,-4.318885,-13.443083,5.76727,257.75682154431274,0.10368595566860465,1118.1725159379503,0
-115.70845,79.52298,-64.24409,41.445362,-32.49454,24.362524,-31.290186,19.484886,-16.851942,-6.6435094,-3.9069939,-6.4676933,-13.871878,229.60869932229375,0.08829941860465117,926.3678607264862,0
-102.909904,29.092337,-33.787956,19.63099,-15.2876215,2.9711444,-13.054042,3.3380659,-25.661823,13.528271,-25.20237,10.79191,-13.014285,289.33567900902824,0.15849836482558138,1186.6304806130936,0
-65.23271,43.017834,-37.58425,18.88,-14.498114,4.612115,-13.898511,9.496889,-21.788633,-0.39271802,-4.5314927,-13.203125,6.139067,257.7216091434077,0.10493504723837209,1110.582744006823,0
-95.858185,42.778122,-37.52384,18.617533,-15.974223,3.1918755,-15.103426,9.236235,-21.352192,-0.30217913,-5.038057,-14.277559,5.894131,257.71156111022555,0.09720552884615384,1053.8560372301802,0
-102.86329,50.22151,-51.86742,-14.738241,-5.6942563,11.249278,-11.751774,3.2146769,-19.287125,-14.581465,1.2674454,-10.1712,-5.2376747,248.3663249102644,0.19966020976027396,1134.4591233103233,0
-94.35842,43.908073,-45.49307,-16.16677,-3.0379806,9.9177265,-8.688338,1.8832128,-17.08479,-13.690041,1.3251444,-8.630489,-5.327479,248.3653066300019,0.2022353916952055,1180.9357703025148,0
-102.8594,50.223755,-51.862595,-14.735171,-5.689443,11.253091,-11.747056,3.2185779,-19.282494,-14.577153,1.2721248,-10.166878,-5.2333446,248.36632760359268,0.19966020976027396,1134.448867707297,0
-157.51624,87.997314,-71.09128,6.771799,-37.15918,33.946888,-25.011429,18.938295,-17.137611,-8.937049,-17.784986,5.422775,-14.511461,223.25887521278452,0.1723565924657534,995.106815489564,0
-141.69493,38.61663,-58.999905,-5.37466,-0.41249818,7.422762,-16.960829,1.1120877,-30.39322,8.705704,-14.053542,-4.921834,-14.865699,279.47495787939954,0.2140544734589041,1214.375416180165,0
-102.16476,51.013863,-51.606586,-14.730753,-5.793896,11.334905,-11.602354,3.2253428,-19.292051,-14.61302,1.2349222,-10.157027,-5.181738,244.20604347200015,0.1997404751712329,1131.4588786499037,0
-137.73193,49.465626,-52.037956,-15.465218,-5.139427,11.547528,-11.843418,2.8741624,-20.155018,-15.084001,1.2847128,-9.471853,-3.992827,244.99704076954887,0.19896367770522388,1136.022984668589,0
15.402553,84.64003,-71.639496,-4.541305,-0.79585654,-3.6321967,-5.106176,10.44037,-1.9695394,-21.190645,-4.468636,-11.593024,-12.291899,230.09192546020282,0.20367838541666666,1046.297012174921,0
17.72673,82.07406,-69.20246,-6.101496,0.42523223,-4.3738956,-4.5855145,10.230794,-1.8880227,-20.994284,-4.5732226,-11.452652,-12.076852,230.0920489641207,0.2059353298611111,1056.2632159054647,0
15.403063,84.64054,-71.639244,-4.5406437,-0.7958194,-3.631947,-5.105669,10.44033,-1.9690375,-21.190655,-4.4682274,-11.592916,-12.291388,230.09192633044702,0.20367838541666666,1046.2945459579464,0
-43.020485,130.52007,-92.43776,15.149295,-26.909014,25.739817,-29.788403,26.110584,-7.0819993,8.790232,-31.333296,10.855261,-26.369219,204.96617099607602,0.18345269097222222,920.8406316325969,0
-16.898243,70.988174,-79.52363,8.913102,-6.74801,0.6437452,-2.7172105,11.985136,-25.49339,-9.080263,-10.927167,-11.129147,-2.6625247,258.32344064935256,0.22641059027777777,1128.9989191877285,0
18.377335,85.98889,-71.30708,-4.975761,-1.0338461,-3.2861562,-5.272322,10.151081,-1.9688015,-21.404585,-4.6577716,-11.647915,-12.225162,224.97012425738086,0.20515407986111112,1038.644670871924,0
-12.848564,85.74273,-72.28946,-6.0674295,-0.07028947,-2.7476459,-4.6987667,10.048412,-1.0164568,-20.312609,-4.5723724,-11.873193,-13.377036,230.08393026969023,0.2046851181402439,1035.3298348537123,0
-96.34625,60.034107,-17.79489,-38.463608,3.1864128,15.971733,-11.848483,-0.9760661,-25.709282,-2.5583484,-13.922242,-7.7568398,-17.39023,328.3099732932979,0.18474324544270834,1078.6218256929574,0
-85.981514,53.680958,-16.42904,-35.589905,2.055699,15.142802,-10.045245,-2.5372684,-23.787323,-3.2992132,-12.726903,-8.4498625,-15.738484,328.3100276653092,0.18727620442708334,1121.8289422153587,0
-96.3469,60.033825,-17.79599,-38.46349,3.1855068,15.971974,-11.850018,-0.97641706,-25.711172,-2.5588527,-13.924045,-7.756657,-17.39097,328.30997223224466,0.18474324544270834,1078.6309229597946,0
-141.55855,88.60427,-28.223654,-13.050614,-37.534985,39.471874,-25.756798,21.863417,-30.062601,-1.5696934,-18.35441,-1.7653099,-12.855426,294.60118772522884,0.15253702799479166,910.6721293888386,0
-132.94414,55.954212,-28.178978,-30.72847,16.54721,2.6723444,-13.135884,-12.340528,-20.126919,-1.046331,-21.385054,-7.3865523,-11.36496,368.55636762075375,0.166412353515625,1127.091871209659,0
-93.91642,60.5356,-17.914675,-37.993633,2.7825563,16.21135,-11.846138,-0.8415866,-25.44053,-2.5748913,-14.328766,-8.172882,-17.522406,330.63604367144984,0.18476359049479166,1076.0802879082032,0
-122.33084,60.315212,-16.818302,-37.807613,2.8349154,15.876644,-13.269238,-1.436922,-26.194847,-3.1682673,-13.786536,-7.653192,-17.774277,330.530452499889,0.16749182412790697,1049.6080247380328,0
-83.01792,113.78817,-38.565563,-77.1895,-30.788597,2.0489993,-9.435331,-5.392158,4.180795,2.0113597,-11.354311,-22.290905,-11.638808,317.91420312840825,0.15061113911290322,786.7165311246542,0
-72.848946,105.15965,-34.77443,-74.720024,-31.10999,1.972816,-7.521212,-5.285937,4.306728,3.0419037,-11.373087,-21.438429,-10.813182,317.915612632028,0.15259576612903225,813.7827341873257,0
-83.01754,113.789085,-38.565815,-77.18793,-30.788559,2.050166,-9.434924,-5.3912807,4.1813025,2.0118947,-11.354035,-22.289835,-11.639306,317.9142105378839,0.15061113911290322,786.7139269812874,0
-131.8531,142.16093,-34.496113,-47.49055,-66.811264,13.147983,-21.648636,7.388128,-17.266888,16.685152,-7.278437,2.2962754,-28.057316,282.5787983373542,0.13843560987903225,690.1885772422387,0
-115.70663,109.59615,-68.334625,-72.646675,-14.799238,6.8137426,-14.752824,6.8703628,-2.2845862,-9.781464,-27.151148,-5.278164,3.4429672,356.9903588507653,0.17615927419354838,841.811998128671,0
-81.036804,116.08341,-36.799854,-76.27854,-30.507977,1.8411287,-9.008882,-4.813872,4.48427,2.6511595,-10.9847555,-22.05802,-11.614061,317.77969888494476,0.15075289818548387,782.1367666561921,0
-108.0129,113.94903,-37.494854,-76.57726,-30.972013,1.3579108,-9.732054,-6.918632,3.6946445,2.5052426,-11.111145,-22.783825,-12.201349,317.3252811421871,0.15352957589285715,786.3501793305016,0
-22.103645,63.691433,-39.102356,-18.95384,-15.79759,-14.531852,-6.0753403,5.4547787,1.7947999,-9.765733,-24.99522,-4.7833576,-18.595673,346.8688370131887,0.1582485465116279,1074.5739933025625,1
-20.006908,62.103294,-37.136635,-19.353426,-15.010856,-14.334037,-5.5303617,5.6678057,2.46409,-9.740427,-24.006884,-5.0736794,-17.474318,346.8684086033158,0.15914562136627908,1085.0965834186693,1
-22.10326,63.692043,-39.101925,-18.953184,-15.797084,-14.531549,-6.074967,5.455137,1.795287,-9.764953,-24.994875,-4.7828445,-18.595295,346.8688316420388,0.1582485465116279,1074.5698870270226,1
-77.67426,101.211006,-56.59348,7.6358905,-39.76466,11.49671,-36.20576,21.105787,-17.749117,24.760696,-33.310143,-1.1022438,-22.463675,310.7250315576607,0.1266067859738372,925.3774487014265,1
-58.266605,51.667202,-49.723038,-16.389395,-17.920662,-9.862749,1.879248,4.408112,-10.217221,-24.598673,-10.59272,-8.311062,-5.6218977,360.6757075091861,0.18568313953488372,1167.625233667725,1
-21.677656,64.296555,-38.55314,-18.654964,-15.557803,-14.395308,-6.0085816,5.5354004,1.8449615,-9.697656,-25.012287,-4.8312345,-18.617605,344.9211387319802,0.15815202579941862,1071.9595061197817,1
-55.64245,62.240276,-39.931465,-18.637415,-15.62127,-15.314162,-7.2373343,6.184758,1.4478321,-9.863086,-25.333075,-6.0221686,-19.33736,347.00742326724065,0.14275340544871795,1065.2785423597,1
-38.690792,99.61017,-24.65254,-48.141705,9.873347,4.4382577,-11.008266,1.6897005,-8.045505,-0.7119126,-14.2261095,-19.835876,-7.14452,305.2391609944927,0.15656534830729166,903.9754342511933,1
-34.79889,95.96822,-23.893951,-46.442974,8.166282,4.9995637,-10.497386,0.66013354,-6.8168945,-1.4440573,-13.952027,-19.531586,-7.4066772,305.23894214160003,0.15651448567708334,917.0686216755465,1
-38.6907,99.61048,-24.652742,-48.141506,9.873231,4.4386654,-11.008571,1.6898619,-8.045127,-0.7120916,-14.226199,-19.835096,-7.1451554,305.23916220563746,0.15656534830729166,903.9717624531222,1
-92.34069,130.92885,-31.572168,-24.557274,-31.706902,37.55012,-30.430292,22.08906,-22.965311,12.831974,-14.056781,-0.68986446,-28.110573,272.7295809160216,0.13334147135416666,786.0291001009742,1
-71.89413,98.93966,-49.167744,-33.776646,16.75582,-2.0601952,-11.487506,3.373141,-13.824466,-6.4343467,-28.654612,1.0448836,-3.4022055,321.17730273682025,0.16331990559895834,908.915567463914,1
-37.887394,100.8603,-24.704184,-48.173264,9.874703,4.4101768,-10.789281,1.8047642,-8.135787,-0.7830639,-14.4657135,-20.071829,-7.3135285,299.06294954370065,0.15662638346354166,899.3757945752171,1
-68.61928,99.924194,-24.650938,-47.529503,11.430581,4.621953,-11.063093,0.5580885,-7.859584,-0.80398345,-14.669498,-19.989395,-6.786675,305.91046554723863,0.13555353338068182,887.6455469741388,1
-165.77794,40.299774,-65.80367,-30.360771,19.634535,-13.29057,-11.549519,1.803945,-16.667479,-5.496943,-3.9599295,3.869423,-17.999268,322.4947252377992,0.2424045138888889,1197.04179794779,1
-133.35564,28.594439,-50.755424,-24.300037,16.653147,-7.032569,-9.44444,1.3255126,-11.766736,-6.2862163,-1.5805533,3.018013,-14.811739,322.49710983192017,0.2520616319444444,1317.2109478254538,1
-165.78241,40.29047,-65.811745,-30.37251,19.622637,-13.303774,-11.564205,1.7904022,-16.680973,-5.510084,-3.97386,3.8575475,-18.011013,322.49471683773805,0.2424045138888889,1197.0955489158505,1
-201.2592,71.65781,-77.60357,-23.059599,-7.8252087,21.445772,-38.105488,20.990576,-22.418839,4.270449,-24.043356,9.225868,-4.381559,277.6088168598395,0.21876808449074073,1056.7417843153507,1
-198.52226,29.234936,-78.894035,-8.01677,16.002926,-21.733915,-3.450208,-5.8875117,-14.434625,1.4296418,-3.0751965,-9.555809,-12.546668,347.2465526079051,0.2790798611111111,1297.1615251479695,1
-167.33803,41.12174,-66.009605,-31.44384,19.350672,-13.388363,-11.891681,1.6388696,-17.059532,-5.268446,-3.7571244,4.0259213,-18.562487,324.7563845852866,0.24522569444444445,1193.0705272095877,1
-175.28339,42.17576,-68.65772,-29.70307,21.275505,-12.699636,-12.3494625,1.6047205,-16.899338,-6.2942424,-3.6800823,5.1961646,-17.239952,306.9402524649695,0.24390625,1189.2813202183936,1
-38.64017,56.41455,-50.282295,-31.372368,13.009111,-0.09164545,-15.094708,-1.4488444,-11.287227,-7.2840943,-7.1685605,3.3217542,-3.479557,340.7790887447381,0.19549986373546513,1115.018772282062,1
-29.911858,49.10054,-46.114487,-29.39924,11.103366,1.1599141,-14.064796,-3.1146226,-9.818277,-8.107117,-6.5465703,3.0950754,-3.0855117,340.7771156304934,0.19782771620639536,1144.0297298852822,1
-38.640644,56.41383,-50.283005,-31.373522,13.008621,-0.09296344,-15.095375,-1.4497513,-11.288217,-7.2852917,-7.1692142,3.3204243,-3.4807034,340.7790868433494,0.19549986373546513,1115.031304328021,1
-79.63413,79.23577,-53.70455,-25.922438,-11.339301,22.995924,-25.769386,7.291815,-14.298285,2.2080767,-14.908758,-0.947591,-1.7327123,337.5634737302615,0.1759231922238372,982.5776441372236,1
-71.00444,46.239223,-64.53742,-16.673615,15.764869,-11.217547,-12.797291,-2.5483756,-12.764575,0.34228355,-2.2090652,0.48630834,-11.207895,275.7989139079955,0.2269542605377907,1177.832221772091,1
-37.855988,56.822533,-50.006042,-31.387688,12.99816,-0.28391612,-15.394348,-1.803569,-11.564713,-7.420193,-7.1601834,3.2280617,-3.6116521,345.5781325506077,0.1948185410610465,1114.6278921939106,1
-65.70066,55.10789,-52.42108,-31.187042,14.10937,0.11599989,-16.289118,-0.8463883,-10.748604,-6.872091,-6.526268,4.2909403,-4.107543,326.2003252007229,0.2015224358974359,1123.285076122507,1
-44.353626,48.414963,4.5670714,-11.199174,7.0429564,4.264156,-19.386034,9.357087,-7.6881814,7.455444,-17.298828,-1.1125212,-0.4719276,222.16120822039528,0.14420292295258622,1135.2645729499554,1
-41.12313,46.73966,4.526929,-10.402191,6.7004952,3.7723756,-18.393595,8.59655,-7.0267186,6.671065,-16.384842,-1.1121476,-0.1672843,222.16201536231037,0.14537311422413793,1144.5447086947054,1
-44.35327,48.415287,4.567479,-11.198945,7.043262,4.264584,-19.385462,9.357107,-7.6876574,7.455494,-17.298376,-1.1120622,-0.47167817,222.1612060920102,0.14420292295258622,1135.254303683829,1
-91.19038,76.12174,-13.10808,15.540577,-24.42917,38.18079,-37.509033,19.573383,-18.887213,17.95374,-8.995157,-5.6743884,-9.049244,396.218758845378,0.12876313308189655,952.2203116154495,1
-83.132385,45.944267,0.9061469,-9.673113,13.785789,-8.606727,-6.4957647,6.7907724,-7.362668,-5.5609865,-15.645413,9.658518,-13.106142,249.2914917258764,0.16194942079741378,1144.8778622553295,1
-42.332016,49.87259,5.1195025,-10.363367,7.24364,4.177644,-19.060335,8.889286,-7.1448183,7.6227994,-17.2426,-1.2047014,-0.39466202,222.2292233726156,0.14529734644396552,1125.753274971689,1
-73.41263,49.263214,4.2670174,-11.485902,8.233094,3.8380182,-18.521896,8.784526,-8.388376,8.360202,-17.575832,-1.6857475,-0.09445988,222.20006343833649,0.15022479363207547,1101.6034925641734,1
4.760782,22.237684,-54.174706,-30.81672,-12.238229,12.761066,-21.658222,1.5211834,4.8658,0.3816411,-3.5110998,-24.301682,-6.4871235,248.29908184366855,0.23569010416666666,1202.5896321771338,1
6.696093,22.29834,-52.521297,-30.4495,-11.211636,12.478856,-20.713367,1.3028324,5.414334,0.25879258,-3.0922337,-24.265575,-6.140424,248.29832972707464,0.23587239583333333,1206.4045653878375,1
4.7622666,22.239275,-54.173225,-30.81515,-12.236761,12.762363,-21.656515,1.5226079,4.867422,0.3831122,-3.5092473,-24.300121,-6.485485,248.29908237196898,0.23569010416666666,1202.5873032098998,1
-36.266514,51.152325,-62.74134,-16.278378,-39.707436,26.694653,-20.512775,-1.5931025,-4.393072,5.9481225,0.2654849,2.3177693,-24.274702,215.49573438491822,0.19948567708333334,1063.5901700438706,1
-29.318678,11.587153,-59.43001,-22.83959,-0.6195289,4.2765107,-22.33011,16.41369,-7.332103,-1.7885716,-24.485226,-3.4937415,8.101674,281.7122602979182,0.259921875,1296.3055023339778,1
6.262977,23.371376,-53.79166,-30.634056,-12.317539,12.617968,-21.736092,1.3740985,4.7801175,0.07120655,-3.7650762,-24.392916,-6.498247,247.27861861933914,0.2354296875,1200.6379049229085,1
-21.032684,23.039555,-53.974792,-30.885483,-11.283065,12.020736,-20.914413,1.4780827,4.643206,-0.09700662,-3.5029325,-24.590698,-7.1964912,243.37729401399423,0.23267319623161764,1206.7092307082348,1
-53.359886,66.08788,-39.331615,-57.622574,-9.150774,14.266198,5.116685,-10.357641,-14.685767,-6.367882,5.67871,4.1942697,-7.7459354,262.4092126122336,0.2104647197420635,1015.1956724979545,1
-50.740776,64.23143,-38.456913,-56.831703,-9.467577,14.407228,5.16581,-10.241922,-14.75148,-6.3403087,5.71792,4.3332376,-7.6825323,262.4095938011439,0.21026320684523808,1023.9786437754693,1
-53.36052,66.088646,-39.33127,-57.62273,-9.150704,14.266477,5.116669,-10.357384,-14.685583,-6.36785,5.679104,4.194341,-7.7458644,262.4092126148023,0.2104647197420635,1015.1920682064072,1
-106.30633,98.00203,-47.048523,-29.205029,-50.63744,30.093363,-10.986192,21.366947,-28.512669,1.9308028,-22.79309,16.108828,-3.9522738,233.8629052015114,0.19053819444444445,873.2407057363303,1
-90.51602,61.034157,-60.5088,-44.75877,5.538274,18.677107,-12.645816,-11.550207,-10.775513,8.878286,-1.3575027,-5.604028,-11.209986,294.7556069759249,0.23537481398809523,1049.6880485892518,1
-51.442436,66.69239,-39.38921,-57.1194,-8.756738,14.500272,5.4211526,-10.388675,-14.929869,-6.224318,5.8291154,4.191198,-7.63416,262.40188960536244,0.21045696924603174,1015.6751361668773,1
-82.297646,66.80769,-39.712517,-56.855682,-8.068442,13.951247,5.358668,-9.861858,-14.307181,-7.474218,4.8877726,4.112902,-7.427518,262.4714564968358,0.21099746436403508,1009.4374466449043,1
-91.51323,95.59664,-54.35328,-43.717426,-3.6233003,-2.1930559,-9.244569,-10.914376,-0.5672372,-5.0744944,-15.009901,-13.674413,-5.6908484,214.99807397807234,0.16661725725446427,853.8199617440166,1
-79.298355,85.184586,-47.16264,-42.98388,-3.6482928,-0.33072978,-8.608317,-9.415517,-0.39584416,-3.9339893,-13.866162,-13.515795,-4.53183,214.99815429727875,0.16707938058035715,895.2503802847722,1
-91.51286,95.59586,-54.35302,-43.717834,-3.6236503,-2.193565,-9.244676,-10.91519,-0.56730956,-5.0750766,-15.010103,-13.67455,-5.691513,214.99807181076565,0.16661725725446427,853.822693835194,1
-144.6658,128.10153,-59.31039,-25.143219,-34.402763,19.917908,-22.466352,8.04741,-22.882895,15.336537,-18.093798,-1.7141516,-23.277212,383.12772582707476,0.14862060546875,748.6524309112427,1
-125.63505,87.088936,-75.65907,-27.698732,-1.4573597,-0.4688182,-17.109522,-1.8464102,-5.9778285,-11.487396,-18.76571,0.7530535,-2.2255034,236.28360392260194,0.20037841796875,929.4793019244977,1
-90.3503,97.06194,-53.738373,-43.684002,-3.9274042,-2.536013,-9.535012,-10.943504,-0.5021616,-5.145045,-15.369461,-13.97716,-5.842846,210.74418249626652,0.16729736328125,850.8410330231798,1
-121.63342,95.33904,-53.450302,-42.13567,-3.1493533,-1.8367016,-8.278819,-10.178259,-0.5278907,-5.2833233,-15.457772,-13.751665,-6.619925,214.75982067803344,0.16478056066176472,853.4732503048788,1
-75.74358,84.43465,-44.96659,-41.619473,-5.121961,-14.197815,-21.417751,14.501002,5.8281302,-4.652186,-19.546757,-10.699711,-0.5388177,391.9892523183676,0.1677734375,910.2022838533638,1
-68.67411,78.99043,-41.6884,-40.29609,-5.2975917,-13.727462,-19.46841,13.109209,7.6095557,-4.706931,-18.60404,-10.300725,-0.08025506,391.9892684871358,0.16974051339285715,935.0741554540768,1
-75.743515,84.43494,-44.96649,-41.619186,-5.1221275,-14.197251,-21.417196,14.500801,5.828835,-4.651861,-19.546782,-10.699193,-0.5388006,391.9892478418172,0.1677734375,910.201444885614,1
-121.52429,119.6743,-50.85682,-21.266157,-34.419235,16.686459,-46.490196,13.5214615,-5.6790814,19.438913,-16.074583,-10.4709015,-21.502207,348.7705354468853,0.14768415178571428,777.7989906147175,1
-109.62528,75.44057,-63.892487,-33.298832,-3.9783483,-20.67642,-5.250484,19.26676,-12.767754,-14.828111,-18.037321,4.8062315,-10.032171,225.34285573845517,0.19243861607142856,972.17988076075,1
-74.30442,85.61562,-44.353165,-41.27292,-5.061881,-14.132126,-21.439825,14.392172,5.7963905,-4.6764526,-19.66507,-10.904448,-0.75036484,391.6456329738494,0.16752232142857143,908.0853304977793,1
-98.721664,86.288475,-43.61854,-40.53779,-4.4505277,-13.761986,-22.856281,15.112593,6.504467,-5.0726852,-19.606556,-11.147606,0.19489253,392.3767833106499,0.16802978515625,896.5011902665226,1
12.07683,-20.356209,-48.483536,-17.307438,-37.527065,-6.2890854,-17.61059,12.205018,-22.9376,-10.106258,-6.2493124,3.037522,-13.376384,327.13088983684736,0.26088521938131315,1589.4749343383935,1
13.623093,-19.322308,-46.76042,-16.485407,-36.053947,-5.766928,-16.490772,12.414803,-22.075203,-10.007182,-5.624406,2.9309485,-12.961952,327.1312834161632,0.2605695628156566,1590.3640845371665,1
12.076796,-20.356281,-48.48341,-17.30748,-37.526825,-6.2890906,-17.610346,12.204802,-22.93762,-10.106425,-6.2493362,3.037324,-13.3765,327.13088798356216,0.26088521938131315,1589.4739607781612,1
-38.215645,20.638468,-79.77868,17.139864,-66.583374,16.239159,-47.249355,27.697165,-21.275522,1.0399882,-27.787867,8.9523325,-11.502049,359.63797622541455,0.24572383996212122,1405.3712902145203,1
-29.296434,-34.74018,-46.143936,-24.708267,-29.337627,-5.7626286,-7.815383,-0.1736765,-26.039085,5.5937505,-5.4293675,-8.068597,-12.058938,297.20391851949853,0.32033222853535354,1732.8532628886787,1
12.91481,-19.913095,-48.780827,-17.684814,-37.720875,-6.49026,-17.739803,12.115474,-23.05282,-10.234163,-6.2006793,3.2210023,-13.280841,328.2350946215359,0.2615658538510101,1587.2565147547255,1
-20.624561,-20.850864,-48.830772,-17.007507,-37.616615,-5.88868,-18.016827,11.630062,-22.971582,-9.853746,-5.628531,3.9590766,-12.887387,330.9558911998273,0.26910807291666666,1576.8116846866942,1
-120.35063,16.044868,-59.855885,-47.751358,9.843592,17.04534,-17.065157,7.4804506,-2.405307,-13.598947,-6.2339716,-2.975223,17.892256,238.06654578626376,0.2074049961419753,1285.06250572227,1
-108.79227,16.600576,-54.40495,-42.398903,10.091983,16.255415,-14.725066,6.210811,-1.9565533,-12.230789,-6.2622037,-1.9409095,17.610786,238.06669108011494,0.20931592399691357,1310.9083651233595,1
-120.349045,16.047338,-59.852676,-47.749172,9.846054,17.048058,-17.062836,7.482746,-2.4019566,-13.596718,-6.230972,-2.9730194,17.894491,238.06654351443888,0.2074049961419753,1285.0515096150123,1
-167.90425,49.372643,-71.13975,-30.69766,-32.837566,45.05794,-27.06748,13.882617,-6.647256,7.6820617,-18.828407,-0.77773565,-14.223705,392.77214871862355,0.20435474537037038,1134.4067423533756,1
-163.45592,8.73232,-75.275154,-28.60193,20.537222,6.163963,-18.625706,15.281803,-23.16488,0.013256108,-4.8014245,19.326061,-9.168569,260.6339768167361,0.25704692322530864,1324.3536435820058,1
-119.7955,16.475914,-60.123108,-48.133293,9.641987,16.954082,-17.34785,7.0530763,-2.4351158,-13.496348,-6.277439,-3.0001674,17.815613,240.05121724425462,0.20713975694444445,1284.340082029353,1
-153.63347,14.993905,-61.15217,-48.087193,10.548004,17.90868,-16.801012,8.164085,-2.0952966,-13.786863,-5.7229114,-2.3663409,17.468956,241.91745133160364,0.23224127782534246,1284.8795418689713,1
-39.513023,70.75997,-54.492588,-28.707924,13.205541,4.9191003,-23.428997,-0.76462233,-12.153452,0.070152625,-23.120974,-5.6605754,0.69485134,231.26240158594484,0.2291937934027778,1085.307022447253,1
-35.538654,67.65751,-51.92297,-28.48526,13.066097,5.3078456,-22.466717,-1.8103428,-10.254498,-0.91789097,-21.879086,-5.371521,0.653123,231.6537685561154,0.2435574001736111,1097.874749967362,1
-39.51301,70.75978,-54.492886,-28.707497,13.205932,4.9195495,-23.428545,-0.763713,-12.153559,0.07093043,-23.120394,-5.660455,0.6956199,231.26239868522038,0.2291937934027778,1085.3083164999882,1
-93.46938,109.591515,-72.60239,-9.716012,-27.442818,42.286892,-41.77647,14.78185,-29.789133,14.232634,-16.547493,-11.081803,-11.362847,208.1793852778531,0.2014702690972222,972.544052633988,1
-69.95203,58.05748,-66.28366,-12.131966,18.096445,-10.621172,-19.73372,0.5375107,-13.651992,-6.3891864,-20.764702,13.454128,-22.589108,265.35751825422534,0.2589382595486111,1207.2792448892862,1
-35.874523,72.61396,-53.779396,-27.8215,13.119376,5.0435386,-23.033861,-0.8936069,-11.941888,-0.36615703,-23.09623,-5.688816,0.5553678,256.7513372692372,0.2288547092013889,1074.4978887097004,1
-64.96326,70.2203,-54.223747,-27.803467,12.626757,4.663169,-23.319542,-0.46848792,-12.597296,0.4318619,-23.41371,-5.8666506,0.8913616,233.25606365314408,0.21058238636363635,1089.0204646270963,1
-105.19454,98.255806,-19.394821,-30.002228,4.9538913,10.785455,-1.8765714,-0.74323237,-6.888963,-15.509913,-19.143867,-3.8376298,1.9886328,258.99815221864657,0.11088590801886793,828.4090407114223,1
-94.82562,88.13214,-16.313665,-28.741358,3.7740545,10.219461,-0.9055936,-1.1983613,-6.8442154,-15.3250885,-18.9883,-4.3082304,2.2270343,259.00159221122703,0.11027785966981132,886.2447325579262,1
-105.19319,98.255104,-19.394764,-30.001919,4.954301,10.785109,-1.8759737,-0.74278426,-6.8891625,-15.509405,-19.14335,-3.8379312,1.9895569,258.99814298483096,0.11088590801886793,828.4102778698336,1
-156.39072,124.64328,-25.92853,-10.482629,-26.546127,30.351748,-16.714214,15.675874,-15.841005,8.588394,-26.675474,-8.370979,-14.27027,230.79301448634547,0.10555166568396226,716.0021559974734,1
-139.23769,95.083824,-38.47071,-20.48223,11.513011,8.698875,-9.293804,-0.79757947,-18.619738,-14.962595,-8.352752,9.09489,-7.8220377,290.1357803150635,0.1503445607311321,885.6929487518328,1
-105.1963,98.52057,-19.263824,-30.11437,4.900113,10.7772875,-1.9343408,-1.0737481,-7.047704,-15.42702,-18.976902,-3.6310565,1.9460846,258.22052293708373,0.11125442216981132,828.6129134188502,1
-133.42418,98.65515,-21.112108,-30.658112,5.293785,11.861328,-1.7270011,-0.3302134,-6.1954384,-14.444973,-19.342901,-3.083318,3.4623594,258.66465157158956,0.119354248046875,827.3604349228207,1
-177.52293,42.566475,-46.615555,-28.701504,10.735553,-2.1555457,-5.079698,5.1586976,-16.864899,0.9029413,-18.756985,0.052642707,-18.797688,274.3157496663514,0.2097480969551282,1206.509841364837,1
-133.89102,31.470121,-39.047012,-19.55456,6.0213294,-0.17001042,-3.5167058,3.7840858,-11.484447,-1.431224,-11.734582,-3.0551229,-12.896875,271.93744426566326,0.24067257612179488,1321.049731229462,1
-177.53372,42.553947,-46.629333,-28.721441,10.720233,-2.1691234,-5.0955997,5.1433983,-16.87921,0.8928412,-18.770864,0.03482749,-18.80611,274.3157707479323,0.2097480969551282,1206.6185350676392,1
-207.71503,73.87305,-60.080524,-16.827755,-18.722946,24.362535,-28.213945,27.053896,-25.009579,8.699948,-19.6836,-2.5181913,-6.8467956,239.9236219594263,0.19535006009615385,1046.1254166016374,1
-203.86911,32.385838,-60.100918,-15.871951,12.74599,-9.376659,2.098255,-6.658682,-12.576646,-6.8017836,-15.288956,-4.8928747,-17.751543,302.81889987648464,0.24517978766025642,1277.7820000285978,1
-175.06966,44.185387,-46.222263,-28.664545,11.208772,-1.459301,-5.5228653,4.6391296,-17.270084,0.4353308,-19.264442,-0.28165826,-18.568012,274.3140753867934,0.20915965544871795,1205.0012406883084,1
-190.09563,45.6983,-49.391243,-28.1375,11.448574,-1.9770255,-4.877537,5.2922134,-17.820244,0.9348733,-18.39227,-0.48505762,-19.619432,268.54708089223755,0.21164899553571428,1170.4866357518943,1
-55.490868,69.65233,-39.09514,-23.264044,-24.846125,-0.30135757,-36.44751,14.671152,14.92189,8.693438,-18.730986,-17.02732,-8.882682,292.18550643988755,0.17061730587121213,1044.7534032193596,1
-46.21428,62.405968,-33.229523,-24.560652,-21.426973,-2.7923772,-32.102146,12.156019,16.432701,7.7632732,-16.819715,-18.05135,-7.678875,292.1957851602784,0.17592921401515152,1094.870285251278,1
-55.491116,69.65021,-39.095486,-23.266619,-24.846453,-0.30365902,-36.44745,14.6686125,14.921248,8.691727,-18.731686,-17.02941,-8.88331,292.18550986152997,0.17061730587121213,1044.7676124044792,1
-99.909256,104.70841,-54.794296,2.30085,-52.763474,24.592089,-47.93438,1.5807377,-2.4565184,27.374355,-1.7137845,-4.5653486,-25.672077,260.1619317050687,0.1568270596590909,918.2620557395762,1
-79.01447,56.60225,-46.10098,-28.361101,-16.196299,-12.277501,-18.459698,33.771152,1.2313918,-12.005196,-26.394388,-0.65189606,-0.15334788,327.85043788780376,0.19699928977272727,1129.9009769897293,1
-55.82906,70.3443,-38.871452,-23.546665,-25.325022,-0.45551285,-36.630836,14.59824,14.706569,8.62025,-18.860373,-17.332113,-9.214082,292.3914647132711,0.17106119791666666,1041.6214472294996,1
-74.39631,69.80193,-38.515522,-23.011383,-24.671244,-0.07805068,-35.970493,15.773174,15.860998,9.175054,-18.461723,-17.344387,-8.726296,292.38693753238874,0.172119140625,1048.138691366807,1
-6.75185,91.693634,-27.669502,-33.530037,19.464493,16.756794,-25.093315,2.1198595,-2.6530397,-3.2827358,-9.680589,-12.9996195,-1.8572037,376.56823290266146,0.13727438038793102,938.5971946134446,1
-4.8986964,89.84517,-27.088377,-32.96092,18.982855,16.62937,-24.286364,1.2915466,-2.134706,-3.4777644,-9.649518,-12.873,-2.0302923,376.5718957749097,0.13772898706896552,946.6045346102579,1
-6.7524357,91.6946,-27.669703,-33.530132,19.464718,16.756899,-25.093246,2.1201525,-2.6530638,-3.28242,-9.680752,-12.999472,-1.8571391,376.5682230364832,0.13727438038793102,938.5906150632802,1
-66.17451,128.66812,-44.776234,-8.099484,-29.477863,57.67789,-38.66975,14.649249,-19.702364,15.859705,-16.345684,2.6894288,-21.577644,335.39921814836737,0.1287378771551724,832.4992961275672,1
-40.52865,87.68836,-44.1519,-19.52857,28.003159,-2.5521452,-24.524462,12.347322,-14.192458,-3.517955,-20.369116,2.522592,-10.636152,231.05505239060182,0.15277310075431033,982.7022095921405,1
-6.866564,92.42032,-27.304268,-33.097137,19.855879,16.83048,-24.974575,2.0119455,-2.650445,-3.487527,-9.534467,-13.164603,-1.8331584,376.87814862194335,0.1363988415948276,934.0386471049358,1
-37.168915,92.757805,-27.243933,-33.73237,20.801804,16.701838,-25.446482,1.2224783,-1.61224,-3.1404233,-9.784856,-13.835454,-1.5003746,376.78724747257655,0.12392209610849056,914.3372957225496,1
-71.33031,34.709568,-74.73037,-29.771873,4.471129,2.9053497,-19.158411,9.036447,-6.533367,-2.8101609,-13.811477,7.878608,-0.40397817,307.0316274880593,0.2580055414244186,1199.4039770272427,1
-65.203026,32.024048,-70.222275,-29.44522,5.5274596,2.5518293,-17.671255,7.761664,-5.1475434,-3.5130312,-12.943236,7.74689,-0.43048814,307.03283029718574,0.25700626816860467,1215.822481730665,1
-71.330215,34.70849,-74.73046,-29.772402,4.470708,2.9046829,-19.158247,9.03561,-6.533648,-2.8106985,-13.812142,7.8787346,-0.40417317,307.0316299195212,0.2580055414244186,1199.4112572485512,1
-117.62259,73.1954,-88.53753,-14.851415,-29.25721,32.455906,-35.93552,17.70901,-15.350623,10.619213,-17.558104,-4.988592,2.7011638,279.00487407762716,0.21663789970930233,1069.1868017199786,1
-105.72621,21.861233,-80.76972,-13.825929,8.753774,-7.431449,-13.016407,10.155533,-13.640296,-0.8606987,-7.727385,9.344273,-22.710152,343.2207888558457,0.2682253815406977,1292.769188014801,1
-71.25791,34.918427,-74.736626,-29.893143,4.4580393,2.8339665,-19.254768,8.965429,-6.695219,-3.0195057,-13.969184,7.935826,-0.26476094,304.6792604333805,0.2580055414244186,1199.0661163072843,1
-95.78653,34.228226,-74.75526,-29.563263,4.7472687,3.3829627,-18.776583,9.285941,-6.7623777,-2.0308523,-13.618371,7.780067,-0.8329741,313.66710655876346,0.24938651842948717,1206.8462064343744,1
-70.16143,49.1285,-60.205452,-2.1849039,-5.3245387,0.5949584,-11.217439,3.214849,-17.856413,-5.705691,-7.1958194,-13.8690195,-9.589899,276.90058045418766,0.18179724351415094,1119.6167047482156,1
-64.36232,44.624046,-55.46003,-4.364666,-3.1209378,-0.6723675,-9.021267,1.935022,-15.935266,-6.1303573,-6.548589,-13.411944,-9.502678,276.89885090872576,0.18270010318396226,1141.7026917935964,1
-70.163,49.129314,-60.206337,-2.1843917,-5.3247876,0.59530246,-11.217219,3.2155313,-17.856005,-5.7049413,-7.1956573,-13.868265,-9.589995,276.9005791907527,0.18179724351415094,1119.6108790677933,1
-122.969765,88.80337,-83.36688,15.2570305,-30.537079,24.988827,-30.318674,20.259384,-22.369772,-1.2181448,-13.668122,-0.11739987,-15.703783,245.98548202466012,0.2011810878537736,998.299427589974,1
-104.603134,34.321087,-64.793495,7.9056697,-7.273684,-0.58903354,-12.202387,-1.2856714,-23.149836,3.854058,-23.105251,-2.693949,-13.686289,307.9950799544012,0.23874189268867924,1225.5132140298624,1
-67.69283,51.021645,-59.71407,-1.5729909,-5.091062,1.0019989,-10.970945,3.3397808,-17.39696,-5.13974,-6.809202,-13.714958,-9.435237,274.14174768875296,0.1792544958726415,1115.0065621654062,1
-99.68451,48.904316,-60.36139,-1.8555516,-3.5933247,0.042049676,-11.913844,3.8257027,-16.948746,-5.3761234,-6.871593,-13.3911705,-8.808245,276.13605839340465,0.2213134765625,1124.9159559118198,1
-32.379078,41.73051,-21.773516,-28.995813,0.7663,-9.702435,-3.849059,6.979422,8.803924,-21.10366,-0.52441585,-15.384084,4.0223827,279.17304554087576,0.18607584635416666,1317.2041718130467,1
-30.004705,40.384724,-20.773764,-28.242624,0.5109752,-9.409863,-3.5802872,7.1065164,8.465751,-20.311983,-0.98190546,-14.865112,3.8289063,279.1733809124681,0.186187744140625,1326.037012143914,1
-32.37853,41.730522,-21.773203,-28.99529,0.76687837,-9.702088,-3.8487842,6.979712,8.803864,-21.103312,-0.5243046,-15.383603,4.022777,279.17304752981886,0.18607584635416666,1317.1981405002489,1
-83.621605,75.36021,-42.937286,-0.159211,-31.516588,23.692278,-33.952442,20.801643,-6.622822,15.388524,-27.209656,10.261326,-29.648817,248.718804613418,0.17066446940104166,1114.7335174372154,1
-76.44976,45.10912,-39.75079,-14.805192,-6.3842835,-1.8255166,-4.236179,16.644527,-21.079802,-6.2186007,-9.602548,-3.1069639,-8.711013,313.28953418693146,0.20430501302083334,1200.594307074275,1
-32.167397,42.402233,-21.39977,-28.98086,0.3807614,-10.475445,-4.0377903,6.9613724,8.911957,-21.228605,-0.7197663,-15.966663,3.773674,279.20688936799263,0.18707275390625,1309.5781248971873,1
-60.67428,41.01782,-22.39017,-28.908012,1.6686515,-8.955522,-4.4708457,7.0359225,7.626674,-21.188318,0.12789932,-14.516563,3.964883,279.0267912207029,0.19256449854651161,1305.9894083965823,1
-76.54954,49.23039,-67.498024,-40.07736,7.062701,3.773354,-13.6853485,-2.7707055,5.3773656,-10.87174,-18.998678,-8.142191,-4.8090734,240.48910457782202,0.22587492028061223,1178.3472035635134,1
-70.38302,46.731483,-63.708954,-39.234005,7.430187,4.6643267,-12.871602,-2.2224414,5.8925967,-10.1395235,-18.08937,-7.773255,-3.7351866,240.48997577900923,0.23116629464285715,1198.9540568522325,1
-76.54903,49.231033,-67.4976,-40.076664,7.0627556,3.7738605,-13.685067,-2.770646,5.3783603,-10.87101,-18.998402,-8.140728,-4.808777,240.48910127169574,0.22587492028061223,1178.3442563441822,1
-127.860214,87.711426,-81.934135,-26.834318,-32.514366,32.830353,-28.421892,10.273553,-18.40619,19.739454,-27.2264,0.847092,-24.589214,327.89674308630816,0.2079480229591837,1041.4555586021468,1
-109.530685,41.099785,-83.833435,-23.057848,9.31102,-3.073268,-14.7175,7.003737,-9.213798,-19.812685,-9.742665,1.8694715,2.4908884,227.53316931164153,0.25649713010204084,1250.4070492860908,1
-73.93536,50.696342,-68.43845,-41.28095,7.0219994,4.2947545,-13.602616,-2.647371,4.7220616,-11.004374,-19.910812,-8.248406,-5.019458,241.86865556212237,0.2246890943877551,1153.0898504520458,1
-107.030205,50.43597,-66.23238,-40.384983,7.513139,4.25809,-13.123928,-1.0811201,5.121681,-11.517916,-19.805614,-7.805966,-4.0104523,244.50801394126677,0.23582899305555555,1196.6209313137965,1
-80.23277,100.20495,-47.385292,-47.917984,5.298991,10.317805,-12.159488,-11.433252,-8.722226,-7.348665,-19.646189,-8.385222,0.065383345,225.55489949405361,0.19610792590725806,870.5357891965734,1
-69.75819,90.463066,-43.57163,-46.049465,4.061268,10.57929,-10.926681,-11.746368,-7.801834,-7.842785,-18.395426,-8.413297,0.40505287,225.5545184965624,0.19727350050403225,901.8874349690551,1
-80.23288,100.20421,-47.38525,-47.918728,5.298915,10.317013,-12.160081,-11.432957,-8.72425,-7.3478546,-19.647005,-8.386197,0.06554953,225.55489993371242,0.19610792590725806,870.539201709342,1
-133.09367,132.59933,-52.71141,-30.601198,-32.953983,35.146458,-20.828627,8.356111,-27.564966,9.490351,-20.625084,-7.3249555,-17.943499,204.80266172460273,0.17010301159274194,768.8046072736757,1
-111.424736,92.24813,-71.40795,-32.21359,14.548744,2.1760864,-20.929895,-7.3826714,-12.857467,-13.211242,-15.496369,7.4141755,-7.599947,255.46829804647152,0.2105200982862903,949.1483883817178,1
-78.39139,100.84679,-47.66493,-47.724327,5.593077,10.212634,-12.080251,-11.322822,-8.832418,-7.2874556,-19.514343,-8.157986,0.14928012,226.19878561565366,0.19580078125,870.3812181811736,1
-108.34809,101.786545,-48.273277,-48.177048,4.9253354,11.399395,-12.391277,-12.470746,-8.745577,-6.9812093,-20.853842,-9.5011215,0.27815157,219.0480852179706,0.18452748081140352,864.2790907967129,1
-69.43238,55.50377,-62.12381,-42.014626,3.8066154,7.361573,-3.920265,7.011044,-12.983639,-14.977829,-2.9651997,-1.3264382,-7.439807,311.28513149387487,0.2212899584288991,1030.40273756367,1
-64.36575,52.891968,-59.179825,-41.066193,3.891847,7.526072,-2.7514086,6.43339,-12.156666,-14.735376,-2.8463116,-0.59041566,-7.3462224,311.285241024668,0.2212586009174312,1043.844858806539,1
-69.42977,55.503468,-62.121952,-42.013584,3.8075774,7.3621535,-3.9189677,7.0114484,-12.982493,-14.977089,-2.964219,-1.3252368,-7.4390364,311.28513083152427,0.2212899584288991,1030.4071679547783,1
-120.89443,89.00053,-70.24187,-26.73218,-30.613045,29.811428,-22.616123,22.315393,-12.602993,-2.3319192,-23.773323,1.8518002,-7.9188733,278.22581302467137,0.18823914134174313,900.0602940571655,1
-106.511345,45.210247,-78.75283,-25.346,11.57885,5.291681,-6.068762,2.242723,-23.906027,2.4359965,-7.0041723,-5.7388988,-19.20772,348.2959739544476,0.2405479501146789,1110.8158842173923,1
-68.32086,55.745502,-62.064995,-41.986794,3.9085853,7.5391498,-3.7590764,6.8260894,-12.968378,-14.953007,-2.9630291,-1.2472261,-7.4837704,311.26174640664067,0.2212899584288991,1029.987283285994,1
-103.75077,53.577484,-63.233276,-41.946796,4.5853286,9.084358,-4.641966,7.217062,-11.933624,-14.345379,-2.4830177,-0.65933967,-6.552457,311.37488858215755,0.21626420454545456,1048.5528237232309,1
-44.243515,68.93994,-12.234696,-15.390021,-3.3821917,-14.183676,-18.220898,4.7828636,-33.41919,-14.93861,-13.505519,4.072318,-13.605027,385.91704597148936,0.10415810032894737,945.2045460078547,1
-41.893623,66.71449,-11.565615,-15.181737,-3.536964,-14.103177,-17.65742,3.8189003,-32.314064,-15.499697,-13.061658,3.902382,-13.40255,385.91725495401647,0.10570004111842106,956.0777652961607,1
-44.243782,68.94029,-12.23483,-15.390094,-3.3817272,-14.18365,-18.220688,4.782759,-33.419064,-14.9385395,-13.505648,4.072645,-13.605359,385.9170518308861,0.10415810032894737,945.2017106098741,1
-90.44745,98.32512,-27.127447,8.0728855,-26.397934,16.972692,-45.260517,22.625631,-27.133291,-9.232325,-28.421204,-3.809184,-3.7426481,343.7937807176115,0.0779065583881579,783.1336139562707,1
-76.455414,65.09259,-22.172817,-13.484802,-5.366055,-22.44744,-8.760722,-13.572186,-35.070446,0.5816355,-8.284233,-5.032308,-23.951544,288.618082684633,0.12343236019736842,1016.7388147386838,1
-40.07018,69.4815,-11.658683,-14.468819,-3.5381718,-14.050042,-17.751467,4.4482355,-33.370625,-15.015797,-13.463165,3.7316227,-13.7081785,385.91667358639233,0.10545590049342106,944.6898688531736,1
-71.418106,69.14051,-12.108258,-14.843687,-3.4546304,-13.984698,-17.868261,4.7365856,-34.000862,-14.897878,-13.560035,4.3756943,-13.673813,386.09354473184374,0.09517299107142857,918.1004829196961,1
-129.14088,47.217087,-37.90645,-38.36934,-7.319024,26.28201,-23.694899,-2.6744993,-6.3059244,-15.99282,-10.129873,-10.321618,-9.967671,265.5000764045929,0.19843937800480768,1170.8011199296857,1
-108.34299,39.392742,-32.497395,-33.726738,-5.2347364,21.175192,-17.64609,-3.8863645,-5.176247,-13.609335,-8.247572,-10.378033,-6.4559,261.6847355464877,0.21456204927884615,1253.6740071638678,1
-129.1436,47.21386,-37.9093,-38.373184,-7.323169,26.28086,-23.698792,-2.6793914,-6.309331,-15.996019,-10.134932,-10.323498,-9.970269,265.5000766375543,0.19843937800480768,1170.8317387819598,1
-173.31079,81.12525,-48.852737,-14.141478,-49.096523,45.568325,-24.256529,2.4782107,-14.568381,2.531738,-24.08442,3.8924525,-23.329008,364.22879338108163,0.17398775540865385,998.6919590579964,1
-165.94847,34.964985,-47.509644,-32.941826,12.783347,10.867333,-29.947348,6.3875017,-21.796354,-10.391678,-10.809258,-5.1125607,4.4937353,229.2851241282563,0.22657189002403846,1261.962068451062,1
-127.71001,47.74606,-37.863045,-38.633945,-7.3031335,26.715729,-23.650757,-2.607272,-6.547851,-15.953157,-10.16422,-10.630248,-9.80188,271.8777685670861,0.1985144981971154,1169.039610920525,1
-154.60338,47.271202,-36.891857,-37.790726,-7.048194,25.712608,-23.456945,-2.1878865,-6.7292547,-17.378576,-10.83682,-10.535214,-11.033012,284.54111254115674,0.19708901263297873,1154.2538041716691,1
-106.13465,52.129707,-64.33312,-32.850903,15.9377365,1.5264369,-27.826788,3.2528384,-7.7108564,-8.789324,-14.649795,-4.5151033,-6.40864,301.23006220916955,0.221171875,1069.9439860116147,1
-94.068016,45.148613,-58.31524,-30.806763,15.74455,1.1263641,-24.27035,1.8843927,-5.1094756,-8.469782,-12.635869,-3.8619316,-5.9630446,301.23150488359374,0.2215625,1104.7666708684683,1
-106.13371,52.133244,-64.3305,-32.847813,15.939999,1.527717,-27.824823,3.2544425,-7.7095757,-8.787182,-14.648347,-4.513147,-6.405916,301.2300621926921,0.221171875,1069.9381491347847,1
-146.11552,90.006966,-77.60806,-20.998665,-20.370031,38.162735,-42.44592,9.106597,-16.340902,7.132328,-20.933527,-5.5162826,-7.3524623,266.7048118274698,0.19669921875,932.6662475878302,1
-143.20798,41.934982,-79.41674,-14.876132,20.742285,-15.927908,-21.733637,10.932754,-18.620665,-4.5463,-14.3768015,4.38821,-18.480436,332.8005690071784,0.26515625,1179.0634719995217,1
-104.81348,53.82726,-63.36928,-31.850107,16.50422,1.7383307,-27.298195,3.5253506,-7.6595936,-8.454682,-14.29245,-4.241314,-5.8146715,303.2776692039162,0.2209765625,1064.8521397763875,1
-122.79562,54.45087,-65.73464,-34.07117,16.039373,0.99879545,-29.225702,4.1915927,-8.019831,-10.058151,-15.910293,-5.0533733,-6.405734,299.04115360152514,0.21705163043478262,1048.422343591567,1
-39.945164,35.018635,-47.099213,-46.627106,21.112558,-19.40107,2.090921,1.7785113,-4.597868,-16.068617,-9.540806,11.444866,-14.683996,305.2301709819029,0.26524832589285713,1346.304880441703,1
-37.220642,33.945774,-46.019672,-45.249508,20.127695,-18.098093,1.9761461,1.8669015,-4.3324203,-15.8016,-9.3699045,11.398547,-14.300055,305.2294202660556,0.2638950892857143,1350.5621534947518,1
-39.94569,35.018715,-47.099342,-46.627396,21.112658,-19.40137,2.0910625,1.77838,-4.5979996,-16.068228,-9.541409,11.44518,-14.683878,305.23016997317893,0.26524832589285713,1346.3058609937252,1
-83.182594,70.08694,-59.395172,-29.217049,-13.293929,20.554316,-36.062115,30.075691,-25.089508,19.464447,-43.067078,14.390252,-10.270114,269.41602376769515,0.21803850446428572,1161.3044938839357,1
-80.062294,30.48703,-67.12074,-23.826181,16.31925,-18.491724,8.505286,-7.144963,-11.157294,-15.894424,8.01209,-13.141683,-11.200826,337.9294309994147,0.2515625,1316.7373666776969,1
-37.673874,36.06309,-47.82769,-47.387527,20.910841,-18.74625,2.6110604,1.4404664,-4.8549943,-15.884658,-9.063746,11.073419,-15.247723,293.082206234274,0.2653599330357143,1343.0388484507357,1
-62.428223,36.197792,-46.408123,-45.80967,21.660385,-19.050505,2.2313805,2.1578174,-5.085929,-16.64955,-9.662198,11.232659,-15.426529,304.2473611436742,0.2360687255859375,1323.3011726225354,1
-80.20761,79.04099,-46.488827,-15.035252,14.551958,-4.9491053,-12.112703,-5.6072927,-10.883935,-11.608214,-14.734907,0.103111535,-9.588987,244.05078626593416,0.11404497195512821,884.118391766103,1
-73.53121,73.10445,-42.95527,-14.844028,13.832744,-4.2017303,-11.842381,-5.6477246,-10.177215,-11.728579,-13.425505,-0.3877469,-8.879457,244.05040034677046,0.11474609375,907.9258606472018,1
-80.205666,79.03916,-46.488064,-15.035075,14.552136,-4.949547,-12.111594,-5.607454,-10.88375,-11.608542,-14.734317,0.10303397,-9.588769,244.0507856049639,0.11404497195512821,884.1231198857114,1
-126.86437,113.25902,-57.934628,-2.8724382,-11.138521,25.217377,-29.717045,11.596791,-23.93223,5.291264,-26.497002,-1.978651,-8.8522215,217.37605948008544,0.09992237580128205,744.866305257287,1
-115.86457,70.951706,-56.28953,2.097293,9.368102,-12.621455,-14.682365,-6.7261624,-18.52396,-10.314953,-8.401737,-4.229045,-21.442133,273.92000953932575,0.13753255208333334,928.1582183131892,1
-77.01485,80.27767,-45.245167,-14.525393,14.494599,-4.5841165,-11.6575775,-5.467566,-10.811115,-11.230257,-14.252893,0.08442433,-9.441604,244.03250514482554,0.11316856971153846,881.5618070024296,1
-107.66794,78.915375,-46.01842,-13.106088,14.792557,-5.824513,-12.888527,-5.8506527,-11.273891,-10.770649,-14.348197,0.59826213,-10.405467,244.13136565741453,0.1078152126736111,851.1079754857176,1
-119.05226,87.25524,-11.063385,-17.079033,-7.298873,12.267053,-16.375963,-3.8714643,4.105065,-14.4739895,-10.79011,-17.971783,3.8107145,254.36489412956794,0.12441312349759616,897.8890340055164,1
-106.56904,76.1641,-7.3754754,-17.096525,-6.121498,9.389187,-13.694026,-4.2717657,2.8160894,-12.836763,-12.153815,-15.952937,3.0885203,255.652589866017,0.1354651817908654,985.478898660914,1
-119.051895,87.254486,-11.062925,-17.079536,-7.2988987,12.266822,-16.375868,-3.8727949,4.1058207,-14.474102,-10.791048,-17.9713,3.810708,254.36489522342268,0.12441312349759616,897.8953529829719,1
-171.10666,111.943634,-21.272602,4.1527586,-33.698193,28.743141,-19.235249,-1.4786054,-7.9174643,7.3298206,-17.176569,-3.0632682,-26.720245,226.66342537738944,0.10306490384615384,772.8540719606493,1
-153.67508,84.91043,-23.976847,-13.514503,-1.8934934,8.222293,-24.56667,11.918941,-16.460308,-12.925332,-14.380585,5.298604,4.4615583,281.7179745950268,0.12739915114182693,926.7714860525934,1
-118.811714,87.5712,-10.947987,-16.984627,-7.2205396,12.329683,-16.265656,-3.894183,4.090122,-14.477905,-10.855737,-17.961578,3.8395612,253.42190927192325,0.1244647686298077,895.7538036622142,1
-151.6413,87.65996,-10.677297,-17.107962,-7.6730537,12.645472,-16.619976,-4.11834,4.218333,-14.849198,-11.204047,-17.120945,4.2450175,256.0537870421455,0.10670230263157894,888.8874395513193,1
-53.794746,26.012592,-59.5983,-24.830044,-1.4148175,1.2934859,-9.104207,1.9663336,-18.958775,3.00049,-18.68463,-1.901794,-2.590826,274.2336463251327,0.2165798611111111,1229.4659671727957,1
-50.169155,25.082668,-57.234154,-24.204521,-0.8933102,1.3786366,-8.464939,1.4701606,-17.850039,2.3997774,-17.523554,-2.0410907,-1.7877955,274.2335806034311,0.2172309027777778,1239.2171858209394,1
-53.79497,26.012978,-59.59859,-24.829977,-1.414984,1.2938701,-9.104451,1.9663968,-18.958778,3.0007386,-18.684376,-1.9013749,-2.5905008,274.23364579080305,0.2165798611111111,1229.462091494329,1
-105.44282,65.10518,-78.011955,-4.0450535,-33.093674,29.336025,-32.71607,25.575068,-31.64936,9.430985,-17.45956,-6.916729,-11.453272,240.71052659653313,0.20443793402777777,1080.1245021479513,1
-94.45608,11.976836,-64.33275,-15.059733,2.6193042,-4.471125,-5.4170856,-6.4989057,-12.869541,-2.6685524,-15.37271,10.326725,-10.144159,305.34531345716,0.2535264756944444,1323.6612512274594,1
-51.82342,27.123222,-59.937435,-25.031961,-1.180695,1.4501593,-8.733334,2.1399534,-18.602959,3.235932,-18.746975,-1.8660765,-2.4262404,270.22772323569944,0.21703559027777777,1227.1275630072585,1
-81.8072,26.472778,-58.73088,-23.17551,-0.07048155,0.7133447,-9.624467,2.4928129,-19.63525,3.2996702,-19.473434,-2.6942174,-2.1349914,274.1744282208291,0.23656631097560976,1230.3573419818308,1
-111.368385,72.2392,26.256533,-0.17847788,-5.7406983,-13.005949,-27.306683,2.56024,-1.2507772,1.3132802,-5.9654875,3.7924464,1.9358404,278.8156442340407,0.1018210018382353,892.5057361504449,1
-99.2418,66.02417,25.500221,1.1370636,-5.250583,-13.215818,-25.067001,1.3919785,-0.41500312,0.71950233,-5.072911,3.457225,2.1291053,278.818107502399,0.10912367876838236,953.4418639102582,1
-111.36713,72.2402,26.256914,-0.1775802,-5.739568,-13.005624,-27.305174,2.5611722,-1.2494342,1.3141409,-5.9650836,3.7939022,1.9369922,278.8156507792499,0.1018210018382353,892.4843137260865,1
-156.26642,94.96759,8.794919,27.956226,-24.803818,15.61431,-45.76083,4.284927,-15.997577,14.224626,-12.616367,3.4776187,-6.0079746,251.3445262006743,0.0902243221507353,729.8490089416016,1
-144.43774,74.788345,19.341194,-5.793689,-10.068119,-21.527357,-14.613244,11.327723,-5.8149986,0.14197847,-2.646785,7.0627193,-10.1818285,295.46375547872304,0.12248678768382353,939.8062586096981,1
-110.57295,72.84742,26.919464,-0.025453424,-6.018681,-13.23349,-27.767036,2.4105382,-1.1378354,1.5713575,-5.756588,3.8773992,1.9376266,278.564856327493,0.10159122242647059,888.5422122719822,1
-138.73555,73.98552,27.431433,1.4988688,-5.306631,-14.182128,-27.965551,2.23143,-1.6082089,0.4118509,-6.3338704,3.7883635,1.6064869,283.51147486375663,0.10016853578629033,853.0403187504257,1
-133.2426,40.016468,-46.899574,-40.747753,11.552223,25.469147,-16.251465,5.678436,-9.504704,13.000901,-10.885877,-2.5059893,1.0564902,346.60383795293325,0.21476862980769232,1250.854220076127,1
-108.3412,34.45673,-41.91821,-34.966534,10.394044,21.689949,-11.972166,2.7019575,-6.3570995,10.382197,-8.24424,-2.952141,1.1710888,346.6126696759391,0.24190955528846153,1345.7393156865728,1
-133.24295,40.018616,-46.897537,-40.74882,11.548805,25.469324,-16.252058,5.6769238,-9.505251,13.002689,-10.884621,-2.5083387,1.0565705,346.6038531967965,0.21476862980769232,1250.7900169455286,1
-177.7912,75.52051,-61.108833,-21.524658,-33.424007,54.184135,-25.335999,20.33045,-21.75432,14.02603,-2.1419377,-1.5896083,-5.561324,308.78253252302403,0.19565805288461538,1079.7192860638709,1
-167.6556,29.785295,-60.221176,-27.086542,28.809767,7.1425557,-16.335526,7.629928,-4.644843,6.106611,-18.174994,13.792253,-8.73861,388.82613688664645,0.25511568509615384,1328.6743522593124,1
-132.15387,40.885433,-46.696182,-40.620544,11.55859,25.370274,-16.177015,6.1116276,-9.170532,13.340575,-10.478723,-2.0518548,1.2434741,346.53606320404975,0.2146709735576923,1248.1610566015345,1
-158.07574,40.62962,-48.566414,-40.02417,12.867797,26.4508,-16.643188,5.9247246,-9.179082,13.19066,-11.38617,-2.4855037,2.2068214,346.66091098730516,0.2214396848516949,1236.4063053553057,1
-64.04217,63.58286,-35.96045,-58.717663,-30.71313,26.180037,-19.1984,15.543867,-2.1561077,-6.6059165,-19.759312,-20.93642,2.8993368,318.4323353153943,0.18332159323770492,1108.0533208280553,1
-55.984203,58.893692,-32.795776,-57.34755,-27.837812,22.631683,-14.81782,14.211988,-0.9962888,-6.0063457,-19.034052,-19.994658,3.5889843,318.4335569629542,0.18398597592213115,1141.2159584935675,1
-64.041756,63.583687,-35.95916,-58.717247,-30.711657,26.180645,-19.197433,15.545039,-2.1552987,-6.6048794,-19.757841,-20.936083,2.90127,318.4323296579687,0.18332159323770492,1108.046970964849,1
-115.39482,96.789536,-46.914658,-24.504175,-74.5836,41.058205,-27.260288,16.484491,-2.310461,9.697463,-9.812675,-13.089554,-24.79793,288.29320843368305,0.16935354764344263,975.8496784357014,1
-97.960266,53.073463,-52.700348,-62.641537,-4.416574,20.580603,-17.08058,22.162865,-23.018667,-8.713075,-27.109703,11.650738,-3.2534635,356.8660200624073,0.21120165215163936,1194.7446263305508,1
-63.616302,63.5901,-35.63595,-58.376354,-30.535858,26.229067,-19.025414,15.793497,-2.2879755,-6.5080767,-19.855236,-20.987946,2.750181,318.5279931642713,0.18341764856557377,1108.4800639764514,1
-92.08765,65.26539,-36.59811,-59.377827,-29.785933,26.540176,-19.497248,15.555449,-2.7585316,-6.4252696,-19.678362,-20.562496,4.074085,324.2496724256812,0.18842424665178573,1098.5517852479059,1
-54.961716,11.260057,-61.8187,-35.662052,-1.7161181,-5.5508733,-9.0011425,-13.21761,3.9820275,-8.547478,-8.2933445,5.1262918,-3.0081177,290.58163210699894,0.2147258890086207,1249.4166485606188,1
-51.61209,12.654076,-59.230827,-34.207333,-0.6216731,-4.3834558,-8.214278,-12.079193,4.488739,-8.13228,-7.8986454,5.0794473,-2.7766368,290.5812271966927,0.2147932381465517,1253.9858416863522,1
-54.961586,11.259399,-61.81907,-35.6618,-1.7160859,-5.550711,-9.000762,-13.216626,3.9823136,-8.546613,-8.293139,5.1267505,-3.0077991,290.58163321745405,0.2147258890086207,1249.4190705385686,1
-96.074715,52.13717,-79.72727,-15.547009,-35.24535,23.426975,-28.326948,9.857668,-26.44873,23.429945,-30.83257,12.504718,-14.827548,258.80121773584506,0.19613752693965517,1106.8889722270976,1
-96.18735,3.0558856,-74.59805,-18.634275,-2.3115733,-4.4581246,-18.422356,-2.6700883,-3.12214,-12.359568,3.4951155,1.0227219,-3.966651,326.8252995389024,0.24769329202586207,1281.2576786140246,1
-50.422146,14.345116,-62.48451,-36.852158,-1.9123877,-5.334,-9.512325,-13.79678,4.2259107,-7.3317933,-6.459692,5.9360547,-4.321789,280.4180411442296,0.2141534213362069,1244.5110094837548,1
-78.26278,11.363097,-61.36955,-35.657993,-2.702763,-5.947296,-8.951128,-13.247518,4.5379715,-8.603578,-8.32892,5.65203,-3.847986,291.4513377238398,0.21612079326923078,1262.2491812684652,1
-77.74785,72.34546,-35.219322,-17.826292,1.5327709,-20.615257,-17.355694,5.97404,-16.150213,-10.936843,-7.9044924,-5.4915824,-8.423176,313.37438455983437,0.15292440878378377,922.3517794068418,1
-69.41547,67.49687,-31.731901,-17.561516,0.95419437,-18.965733,-15.682416,4.907386,-14.15496,-11.36246,-7.2102885,-4.914949,-7.4098363,313.3776840673812,0.15803156672297297,958.144016424076,1
-77.748184,72.346306,-35.218674,-17.825657,1.5342662,-20.61494,-17.355186,5.9743934,-16.150139,-10.935415,-7.903285,-5.491822,-8.421716,313.37439498030125,0.15292440878378377,922.3483653010766,1
-116.37938,99.3411,-45.093616,-5.921855,-16.640497,8.199967,-40.246857,16.173214,-14.478412,-2.628085,-19.44892,-0.51831895,-14.302296,278.2715330617419,0.12998838682432431,792.3508661587799,1
-107.6157,65.38206,-45.665882,-9.02489,-5.471385,-23.29185,-4.66889,-1.7708907,-23.367468,-3.061459,-10.473223,-3.8916252,-7.338666,351.6144194836413,0.16986908783783783,973.6789291815458,1
-72.316574,75.78448,-34.013153,-18.26875,0.7367547,-21.474346,-17.709465,6.481912,-15.744886,-11.649769,-8.00886,-4.9090853,-8.029255,309.99753206135046,0.15475876266891891,906.9859661312585,1
-98.14552,74.5528,-35.615868,-18.496092,1.1567898,-21.330755,-18.105572,6.4917336,-16.207123,-11.215445,-7.1680636,-5.6468472,-8.282524,312.77644092036707,0.14247455018939395,884.4579585804141,1
-133.04083,86.56879,-50.62844,-35.226845,1.1093435,-4.3127832,-23.132393,5.6018186,13.636556,-10.524573,-19.50219,-11.334248,-2.960121,257.6129500345957,0.18061398237179488,954.3516308119998,1
-111.0565,69.385826,-41.332695,-32.485935,0.6299621,-4.6514053,-18.498549,4.928487,13.747539,-8.019702,-18.848305,-10.150961,-2.2030804,257.61537391090064,0.1974158653846154,1066.009820402832,1
-133.04288,86.56662,-50.62866,-35.2296,1.1084818,-4.3131256,-23.135153,5.60152,13.635085,-10.5263,-19.504099,-11.334291,-2.9619603,257.6129538641385,0.18061398237179488,954.362124906693,1
-174.50932,114.25662,-56.34421,-23.08656,-23.933641,21.628466,-33.431904,-0.33195662,-0.18085194,20.740662,-17.873646,-8.516118,-19.829498,262.19166687496653,0.16442558092948717,846.1034230466194,1
-162.90831,78.21833,-69.15758,-22.800808,1.6823666,-11.639747,-16.047699,22.412716,-9.23955,-20.596725,-14.0633955,1.450512,-8.08026,261.39355930709615,0.2146434294871795,1028.757026675635,1
-132.22424,88.19527,-50.05778,-35.28146,0.3195521,-4.712429,-23.68236,5.3679447,13.715631,-10.752514,-19.798212,-12.014681,-3.3395119,241.88226155657517,0.18155298477564102,949.0105768170947,1
-154.48293,87.37821,-51.890476,-35.86159,0.92047596,-3.6715052,-22.711575,6.289179,13.877919,-10.490722,-20.10944,-11.197769,-3.4678302,250.01903179729976,0.1841099330357143,950.8352405246521,1
-175.28569,38.996,-36.87486,-34.680496,22.312656,-9.648567,-16.332352,5.1283045,-9.038811,4.5858765,-15.523121,3.2453294,-15.60977,276.4195202838639,0.241302490234375,1349.8326016547994,1
-145.65538,28.321674,-28.795769,-25.285461,15.307497,-5.580819,-13.139351,1.7863183,-4.6345787,2.0498576,-10.928886,1.2808009,-11.969244,276.4817653517008,0.27130126953125,1457.8465310129561,1
-175.29187,38.986694,-36.883133,-34.686546,22.305075,-9.656791,-16.340242,5.120022,-9.047028,4.578488,-15.532776,3.2359946,-15.618157,276.41954331035436,0.241302490234375,1349.9185546736198,1
-216.84027,69.81296,-48.30549,-20.381117,-12.388926,30.473404,-43.56875,23.322514,-26.014532,17.737547,-19.28577,4.201163,-7.0506883,246.33181316389647,0.215606689453125,1171.032912237034,1
-212.84142,33.21086,-50.833344,-16.855545,21.762543,-23.578812,-3.6609106,0.62085617,-6.536172,-6.3252287,-11.109447,-1.8424549,-12.919106,306.90411656324136,0.26526641845703125,1382.3920623884178,1
-173.52664,39.84974,-37.065193,-34.880234,22.244612,-9.800434,-16.518814,4.985008,-9.082286,4.5576434,-15.62628,2.9446487,-15.715101,275.29426761916295,0.2413330078125,1345.1428174202313,1
-203.65529,38.150303,-38.25216,-34.55724,22.394657,-10.393507,-15.964377,6.078905,-10.357767,3.799107,-15.009664,3.8477705,-15.489279,276.34754130882703,0.24125231726694915,1358.9081786108727,1
-182.89185,55.136276,-31.717503,-49.51979,0.1656077,11.415182,-20.46798,7.393897,1.7374783,-1.3732191,-22.136343,-15.020917,3.7667584,231.3907948180243,0.2016342298119469,1118.477422257167,1
-152.9799,41.123116,-26.03698,-39.111492,-0.39182693,8.681751,-13.177135,4.55709,3.7397404,-1.7021847,-19.23778,-13.664272,3.5457919,231.39468773769957,0.21537092090707965,1249.578541787576,1
-182.89612,55.13519,-31.721073,-49.521027,0.16296722,11.413479,-20.471748,7.3938127,1.7342196,-1.3731449,-22.139778,-15.023689,3.766368,231.39079557772217,0.2016342298119469,1118.4947397845804,1
-225.40157,78.52953,-34.07443,-31.757586,-34.358486,33.682358,-26.859274,7.7797313,-7.4019356,13.860407,-9.096019,-15.693351,-19.536562,206.6378704819232,0.17398800470132744,962.5836248236047,1
-218.09276,49.60969,-46.244473,-40.461914,14.388295,-1.6694916,-15.261984,15.196768,-10.694117,-13.258742,-23.73057,11.942862,-1.7330183,260.61908975882596,0.22680448008849557,1166.9803949481982,1
-182.36902,55.61126,-31.584038,-49.533634,0.08387757,11.193961,-20.630781,7.378437,1.6767141,-1.3727378,-22.18638,-15.003221,3.7467592,232.1167942768438,0.20173793556415928,1117.3954699485253,1
-211.60934,55.541912,-31.230902,-49.214134,0.45999005,10.002338,-20.863407,7.8198233,1.5491134,-2.117386,-21.735243,-15.004154,3.4205077,232.69005931420728,0.19991561741504854,1107.4980414878476,1
-64.88194,-20.999617,-51.011646,20.657621,-10.907411,-4.179439,15.597313,-22.05358,-18.473082,22.235464,-17.96842,-8.981185,-8.029469,347.6473415632292,0.3934326171875,1580.4122008225615,1
-61.133545,-19.512877,-48.609455,21.022356,-10.337279,-4.3530955,15.461479,-21.859238,-17.840097,21.810122,-17.134977,-8.753542,-7.127134,347.6451301886716,0.3933308919270833,1583.4341729689338,1
-64.88203,-20.999704,-51.012463,20.65705,-10.9080925,-4.17982,15.596517,-22.053354,-18.472353,22.235435,-17.968979,-8.98142,-8.02924,347.6473374862653,0.3934326171875,1580.411692238947,1
-96.837,16.905518,-82.54708,37.674946,-25.85821,8.176238,-5.3381157,25.220573,-53.547596,17.258825,-4.588653,-0.7541744,-13.4262495,298.9956138712258,0.3269246419270833,1397.1783165925408,1
-97.82892,-33.34386,-42.335926,26.475306,-19.120272,9.776713,1.2013973,-29.921738,12.370915,-1.0621203,-25.619087,5.853255,-8.705604,381.3030859472603,0.4122314453125,1721.166097939298,1
-58.24599,-18.918068,-52.74528,19.915958,-10.313367,-3.64031,14.184461,-24.716042,-19.986609,21.473083,-17.515562,-8.120872,-7.794351,352.1757721791943,0.3904012044270833,1575.6124519726343,1
-80.587555,-19.691172,-51.862865,21.484755,-11.370795,-4.595377,14.984116,-23.198492,-18.456144,20.954271,-18.904495,-7.8332014,-7.956102,357.38111717045126,0.36259321732954547,1570.1012992982107,1
-80.32045,83.589615,-23.517601,-19.847647,-7.1289086,-2.6105459,-28.880053,-3.5994716,10.541467,-11.14114,-20.561964,-25.042873,-2.383995,345.10607808322885,0.1370067107371795,908.4306210907171,1
-73.25157,77.71119,-20.693058,-19.225956,-6.677733,-3.2851458,-27.133078,-3.5909076,10.5239315,-10.507232,-20.297539,-24.262718,-2.2174416,345.10329328430015,0.1391726762820513,945.4527650335748,1
-80.32108,83.588524,-23.5187,-19.848478,-7.1298313,-2.6116295,-28.880402,-3.6006575,10.540513,-11.141515,-20.562727,-25.0439,-2.384585,345.10607872417404,0.1370067107371795,908.4343660955744,1
-129.17857,117.24638,-36.781788,5.3521924,-34.541546,26.856783,-38.3483,-4.2576256,-13.356128,18.072956,-20.07542,-7.098535,-37.941452,307.46294686043,0.09587840544871795,761.6771000794495,1
-119.76391,77.77797,-36.251743,-14.658821,-8.999688,-10.008264,-27.700922,18.38926,-13.496533,-23.899012,-24.29243,1.9718119,3.726237,387.2369616645122,0.15265675080128205,958.1722523069454,1
-78.6229,83.895454,-23.46691,-19.856964,-7.2678504,-2.6359966,-28.364698,-3.6437922,10.024671,-11.601267,-20.590952,-24.667482,-2.2797344,344.9231569006949,0.13701923076923078,910.1815719644463,1
-106.23012,86.42878,-22.322144,-18.740013,-4.996415,-2.2050555,-29.087532,-3.7202847,9.886485,-11.440633,-19.290888,-24.474577,-3.7491145,344.90191353352907,0.11615668402777778,877.0361801248947,1
12.613038,40.91632,-69.70781,-41.22252,-3.7800019,3.466662,-23.680037,14.114462,-11.17508,-9.6626215,-26.544744,1.636528,-5.502151,295.92445539728254,0.22760564630681818,1245.5739276590864,1
14.251496,40.701576,-67.85609,-41.12804,-2.3212397,3.4172547,-22.156958,13.844586,-9.721912,-9.813523,-25.306757,1.526379,-4.324983,295.9257130501097,0.23218883167613635,1249.8520223670673,1
12.6125145,40.91526,-69.70875,-41.223637,-3.7810135,3.4655638,-23.681269,14.113499,-11.176242,-9.663874,-26.545738,1.6353583,-5.503255,295.9244515885153,0.22760564630681818,1245.576360973088,1
-48.060184,86.28984,-91.4532,-13.803839,-49.413956,41.925953,-50.45277,27.888311,-21.196009,18.620064,-31.953564,-3.7546275,-16.476625,267.98109846271785,0.21198064630681818,1115.8061948030518,1
-22.351948,24.669716,-77.21182,-32.792694,8.976804,-11.193844,-9.38474,6.539358,-21.668343,-17.57843,-9.6809845,5.095405,-10.111073,330.88108324883194,0.2631891424005682,1341.6007647105473,1
13.030631,41.50449,-69.25835,-40.78219,-3.5200057,3.6280787,-23.327105,14.285813,-11.02579,-9.492544,-26.384815,1.6925178,-5.306656,298.3220154193275,0.22771107066761365,1244.3130614834067,1
-22.011534,40.796776,-69.905556,-40.78704,-5.0738225,4.196035,-21.680021,14.861074,-10.919947,-9.580545,-25.5419,2.4538999,-4.802554,290.92833807090324,0.22977294921875,1248.4616336107345,1
-22.103645,63.691433,-39.102356,-18.95384,-15.79759,-14.531852,-6.0753403,5.4547787,1.7947999,-9.765733,-24.99522,-4.7833576,-18.595673,346.8688370131887,0.1582485465116279,1074.5739933025625,1
-20.006908,62.103294,-37.136635,-19.353426,-15.010856,-14.334037,-5.5303617,5.6678057,2.46409,-9.740427,-24.006884,-5.0736794,-17.474318,346.8684086033158,0.15914562136627908,1085.0965834186693,1
-22.10326,63.692043,-39.101925,-18.953184,-15.797084,-14.531549,-6.074967,5.455137,1.795287,-9.764953,-24.994875,-4.7828445,-18.595295,346.8688316420388,0.1582485465116279,1074.5698870270226,1
-77.67426,101.211006,-56.59348,7.6358905,-39.76466,11.49671,-36.20576,21.105787,-17.749117,24.760696,-33.310143,-1.1022438,-22.463675,310.7250315576607,0.1266067859738372,925.3774487014265,1
-58.266605,51.667202,-49.723038,-16.389395,-17.920662,-9.862749,1.879248,4.408112,-10.217221,-24.598673,-10.59272,-8.311062,-5.6218977,360.6757075091861,0.18568313953488372,1167.625233667725,1
-21.677656,64.296555,-38.55314,-18.654964,-15.557803,-14.395308,-6.0085816,5.5354004,1.8449615,-9.697656,-25.012287,-4.8312345,-18.617605,344.9211387319802,0.15815202579941862,1071.9595061197817,1
-55.64245,62.240276,-39.931465,-18.637415,-15.62127,-15.314162,-7.2373343,6.184758,1.4478321,-9.863086,-25.333075,-6.0221686,-19.33736,347.00742326724065,0.14275340544871795,1065.2785423597,1
-38.690792,99.61017,-24.65254,-48.141705,9.873347,4.4382577,-11.008266,1.6897005,-8.045505,-0.7119126,-14.2261095,-19.835876,-7.14452,305.2391609944927,0.15656534830729166,903.9754342511933,1
-34.79889,95.96822,-23.893951,-46.442974,8.166282,4.9995637,-10.497386,0.66013354,-6.8168945,-1.4440573,-13.952027,-19.531586,-7.4066772,305.23894214160003,0.15651448567708334,917.0686216755465,1
-38.6907,99.61048,-24.652742,-48.141506,9.873231,4.4386654,-11.008571,1.6898619,-8.045127,-0.7120916,-14.226199,-19.835096,-7.1451554,305.23916220563746,0.15656534830729166,903.9717624531222,1
-92.34069,130.92885,-31.572168,-24.557274,-31.706902,37.55012,-30.430292,22.08906,-22.965311,12.831974,-14.056781,-0.68986446,-28.110573,272.7295809160216,0.13334147135416666,786.0291001009742,1
-71.89413,98.93966,-49.167744,-33.776646,16.75582,-2.0601952,-11.487506,3.373141,-13.824466,-6.4343467,-28.654612,1.0448836,-3.4022055,321.17730273682025,0.16331990559895834,908.915567463914,1
-37.887394,100.8603,-24.704184,-48.173264,9.874703,4.4101768,-10.789281,1.8047642,-8.135787,-0.7830639,-14.4657135,-20.071829,-7.3135285,299.06294954370065,0.15662638346354166,899.3757945752171,1
-68.61928,99.924194,-24.650938,-47.529503,11.430581,4.621953,-11.063093,0.5580885,-7.859584,-0.80398345,-14.669498,-19.989395,-6.786675,305.91046554723863,0.13555353338068182,887.6455469741388,1
-165.77794,40.299774,-65.80367,-30.360771,19.634535,-13.29057,-11.549519,1.803945,-16.667479,-5.496943,-3.9599295,3.869423,-17.999268,322.4947252377992,0.2424045138888889,1197.04179794779,1
-133.35564,28.594439,-50.755424,-24.300037,16.653147,-7.032569,-9.44444,1.3255126,-11.766736,-6.2862163,-1.5805533,3.018013,-14.811739,322.49710983192017,0.2520616319444444,1317.2109478254538,1
-165.78241,40.29047,-65.811745,-30.37251,19.622637,-13.303774,-11.564205,1.7904022,-16.680973,-5.510084,-3.97386,3.8575475,-18.011013,322.49471683773805,0.2424045138888889,1197.0955489158505,1
-201.2592,71.65781,-77.60357,-23.059599,-7.8252087,21.445772,-38.105488,20.990576,-22.418839,4.270449,-24.043356,9.225868,-4.381559,277.6088168598395,0.21876808449074073,1056.7417843153507,1
-198.52226,29.234936,-78.894035,-8.01677,16.002926,-21.733915,-3.450208,-5.8875117,-14.434625,1.4296418,-3.0751965,-9.555809,-12.546668,347.2465526079051,0.2790798611111111,1297.1615251479695,1
-167.33803,41.12174,-66.009605,-31.44384,19.350672,-13.388363,-11.891681,1.6388696,-17.059532,-5.268446,-3.7571244,4.0259213,-18.562487,324.7563845852866,0.24522569444444445,1193.0705272095877,1
-175.28339,42.17576,-68.65772,-29.70307,21.275505,-12.699636,-12.3494625,1.6047205,-16.899338,-6.2942424,-3.6800823,5.1961646,-17.239952,306.9402524649695,0.24390625,1189.2813202183936,1
-38.64017,56.41455,-50.282295,-31.372368,13.009111,-0.09164545,-15.094708,-1.4488444,-11.287227,-7.2840943,-7.1685605,3.3217542,-3.479557,340.7790887447381,0.19549986373546513,1115.018772282062,1
-29.911858,49.10054,-46.114487,-29.39924,11.103366,1.1599141,-14.064796,-3.1146226,-9.818277,-8.107117,-6.5465703,3.0950754,-3.0855117,340.7771156304934,0.19782771620639536,1144.0297298852822,1
-38.640644,56.41383,-50.283005,-31.373522,13.008621,-0.09296344,-15.095375,-1.4497513,-11.288217,-7.2852917,-7.1692142,3.3204243,-3.4807034,340.7790868433494,0.19549986373546513,1115.031304328021,1
-79.63413,79.23577,-53.70455,-25.922438,-11.339301,22.995924,-25.769386,7.291815,-14.298285,2.2080767,-14.908758,-0.947591,-1.7327123,337.5634737302615,0.1759231922238372,982.5776441372236,1
-71.00444,46.239223,-64.53742,-16.673615,15.764869,-11.217547,-12.797291,-2.5483756,-12.764575,0.34228355,-2.2090652,0.48630834,-11.207895,275.7989139079955,0.2269542605377907,1177.832221772091,1
-37.855988,56.822533,-50.006042,-31.387688,12.99816,-0.28391612,-15.394348,-1.803569,-11.564713,-7.420193,-7.1601834,3.2280617,-3.6116521,345.5781325506077,0.1948185410610465,1114.6278921939106,1
-65.70066,55.10789,-52.42108,-31.187042,14.10937,0.11599989,-16.289118,-0.8463883,-10.748604,-6.872091,-6.526268,4.2909403,-4.107543,326.2003252007229,0.2015224358974359,1123.285076122507,1
-44.353626,48.414963,4.5670714,-11.199174,7.0429564,4.264156,-19.386034,9.357087,-7.6881814,7.455444,-17.298828,-1.1125212,-0.4719276,222.16120822039528,0.14420292295258622,1135.2645729499554,1
-41.12313,46.73966,4.526929,-10.402191,6.7004952,3.7723756,-18.393595,8.59655,-7.0267186,6.671065,-16.384842,-1.1121476,-0.1672843,222.16201536231037,0.14537311422413793,1144.5447086947054,1
-44.35327,48.415287,4.567479,-11.198945,7.043262,4.264584,-19.385462,9.357107,-7.6876574,7.455494,-17.298376,-1.1120622,-0.47167817,222.1612060920102,0.14420292295258622,1135.254303683829,1
-91.19038,76.12174,-13.10808,15.540577,-24.42917,38.18079,-37.509033,19.573383,-18.887213,17.95374,-8.995157,-5.6743884,-9.049244,396.218758845378,0.12876313308189655,952.2203116154495,1
-83.132385,45.944267,0.9061469,-9.673113,13.785789,-8.606727,-6.4957647,6.7907724,-7.362668,-5.5609865,-15.645413,9.658518,-13.106142,249.2914917258764,0.16194942079741378,1144.8778622553295,1
-42.332016,49.87259,5.1195025,-10.363367,7.24364,4.177644,-19.060335,8.889286,-7.1448183,7.6227994,-17.2426,-1.2047014,-0.39466202,222.2292233726156,0.14529734644396552,1125.753274971689,1
-73.41263,49.263214,4.2670174,-11.485902,8.233094,3.8380182,-18.521896,8.784526,-8.388376,8.360202,-17.575832,-1.6857475,-0.09445988,222.20006343833649,0.15022479363207547,1101.6034925641734,1
4.760782,22.237684,-54.174706,-30.81672,-12.238229,12.761066,-21.658222,1.5211834,4.8658,0.3816411,-3.5110998,-24.301682,-6.4871235,248.29908184366855,0.23569010416666666,1202.5896321771338,1
6.696093,22.29834,-52.521297,-30.4495,-11.211636,12.478856,-20.713367,1.3028324,5.414334,0.25879258,-3.0922337,-24.265575,-6.140424,248.29832972707464,0.23587239583333333,1206.4045653878375,1
4.7622666,22.239275,-54.173225,-30.81515,-12.236761,12.762363,-21.656515,1.5226079,4.867422,0.3831122,-3.5092473,-24.300121,-6.485485,248.29908237196898,0.23569010416666666,1202.5873032098998,1
-36.266514,51.152325,-62.74134,-16.278378,-39.707436,26.694653,-20.512775,-1.5931025,-4.393072,5.9481225,0.2654849,2.3177693,-24.274702,215.49573438491822,0.19948567708333334,1063.5901700438706,1
-29.318678,11.587153,-59.43001,-22.83959,-0.6195289,4.2765107,-22.33011,16.41369,-7.332103,-1.7885716,-24.485226,-3.4937415,8.101674,281.7122602979182,0.259921875,1296.3055023339778,1
6.262977,23.371376,-53.79166,-30.634056,-12.317539,12.617968,-21.736092,1.3740985,4.7801175,0.07120655,-3.7650762,-24.392916,-6.498247,247.27861861933914,0.2354296875,1200.6379049229085,1
-21.032684,23.039555,-53.974792,-30.885483,-11.283065,12.020736,-20.914413,1.4780827,4.643206,-0.09700662,-3.5029325,-24.590698,-7.1964912,243.37729401399423,0.23267319623161764,1206.7092307082348,1
-53.359886,66.08788,-39.331615,-57.622574,-9.150774,14.266198,5.116685,-10.357641,-14.685767,-6.367882,5.67871,4.1942697,-7.7459354,262.4092126122336,0.2104647197420635,1015.1956724979545,1
-50.740776,64.23143,-38.456913,-56.831703,-9.467577,14.407228,5.16581,-10.241922,-14.75148,-6.3403087,5.71792,4.3332376,-7.6825323,262.4095938011439,0.21026320684523808,1023.9786437754693,1
-53.36052,66.088646,-39.33127,-57.62273,-9.150704,14.266477,5.116669,-10.357384,-14.685583,-6.36785,5.679104,4.194341,-7.7458644,262.4092126148023,0.2104647197420635,1015.1920682064072,1
-106.30633,98.00203,-47.048523,-29.205029,-50.63744,30.093363,-10.986192,21.366947,-28.512669,1.9308028,-22.79309,16.108828,-3.9522738,233.8629052015114,0.19053819444444445,873.2407057363303,1
-90.51602,61.034157,-60.5088,-44.75877,5.538274,18.677107,-12.645816,-11.550207,-10.775513,8.878286,-1.3575027,-5.604028,-11.209986,294.7556069759249,0.23537481398809523,1049.6880485892518,1
-51.442436,66.69239,-39.38921,-57.1194,-8.756738,14.500272,5.4211526,-10.388675,-14.929869,-6.224318,5.8291154,4.191198,-7.63416,262.40188960536244,0.21045696924603174,1015.6751361668773,1
-82.297646,66.80769,-39.712517,-56.855682,-8.068442,13.951247,5.358668,-9.861858,-14.307181,-7.474218,4.8877726,4.112902,-7.427518,262.4714564968358,0.21099746436403508,1009.4374466449043,1
-91.51323,95.59664,-54.35328,-43.717426,-3.6233003,-2.1930559,-9.244569,-10.914376,-0.5672372,-5.0744944,-15.009901,-13.674413,-5.6908484,214.99807397807234,0.16661725725446427,853.8199617440166,1
-79.298355,85.184586,-47.16264,-42.98388,-3.6482928,-0.33072978,-8.608317,-9.415517,-0.39584416,-3.9339893,-13.866162,-13.515795,-4.53183,214.99815429727875,0.16707938058035715,895.2503802847722,1
-91.51286,95.59586,-54.35302,-43.717834,-3.6236503,-2.193565,-9.244676,-10.91519,-0.56730956,-5.0750766,-15.010103,-13.67455,-5.691513,214.99807181076565,0.16661725725446427,853.822693835194,1
-144.6658,128.10153,-59.31039,-25.143219,-34.402763,19.917908,-22.466352,8.04741,-22.882895,15.336537,-18.093798,-1.7141516,-23.277212,383.12772582707476,0.14862060546875,748.6524309112427,1
-125.63505,87.088936,-75.65907,-27.698732,-1.4573597,-0.4688182,-17.109522,-1.8464102,-5.9778285,-11.487396,-18.76571,0.7530535,-2.2255034,236.28360392260194,0.20037841796875,929.4793019244977,1
-90.3503,97.06194,-53.738373,-43.684002,-3.9274042,-2.536013,-9.535012,-10.943504,-0.5021616,-5.145045,-15.369461,-13.97716,-5.842846,210.74418249626652,0.16729736328125,850.8410330231798,1
-121.63342,95.33904,-53.450302,-42.13567,-3.1493533,-1.8367016,-8.278819,-10.178259,-0.5278907,-5.2833233,-15.457772,-13.751665,-6.619925,214.75982067803344,0.16478056066176472,853.4732503048788,1
-75.74358,84.43465,-44.96659,-41.619473,-5.121961,-14.197815,-21.417751,14.501002,5.8281302,-4.652186,-19.546757,-10.699711,-0.5388177,391.9892523183676,0.1677734375,910.2022838533638,1
-68.67411,78.99043,-41.6884,-40.29609,-5.2975917,-13.727462,-19.46841,13.109209,7.6095557,-4.706931,-18.60404,-10.300725,-0.08025506,391.9892684871358,0.16974051339285715,935.0741554540768,1
-75.743515,84.43494,-44.96649,-41.619186,-5.1221275,-14.197251,-21.417196,14.500801,5.828835,-4.651861,-19.546782,-10.699193,-0.5388006,391.9892478418172,0.1677734375,910.201444885614,1
-121.52429,119.6743,-50.85682,-21.266157,-34.419235,16.686459,-46.490196,13.5214615,-5.6790814,19.438913,-16.074583,-10.4709015,-21.502207,348.7705354468853,0.14768415178571428,777.7989906147175,1
-109.62528,75.44057,-63.892487,-33.298832,-3.9783483,-20.67642,-5.250484,19.26676,-12.767754,-14.828111,-18.037321,4.8062315,-10.032171,225.34285573845517,0.19243861607142856,972.17988076075,1
-74.30442,85.61562,-44.353165,-41.27292,-5.061881,-14.132126,-21.439825,14.392172,5.7963905,-4.6764526,-19.66507,-10.904448,-0.75036484,391.6456329738494,0.16752232142857143,908.0853304977793,1
-98.721664,86.288475,-43.61854,-40.53779,-4.4505277,-13.761986,-22.856281,15.112593,6.504467,-5.0726852,-19.606556,-11.147606,0.19489253,392.3767833106499,0.16802978515625,896.5011902665226,1
12.07683,-20.356209,-48.483536,-17.307438,-37.527065,-6.2890854,-17.61059,12.205018,-22.9376,-10.106258,-6.2493124,3.037522,-13.376384,327.13088983684736,0.26088521938131315,1589.4749343383935,1
13.623093,-19.322308,-46.76042,-16.485407,-36.053947,-5.766928,-16.490772,12.414803,-22.075203,-10.007182,-5.624406,2.9309485,-12.961952,327.1312834161632,0.2605695628156566,1590.3640845371665,1
12.076796,-20.356281,-48.48341,-17.30748,-37.526825,-6.2890906,-17.610346,12.204802,-22.93762,-10.106425,-6.2493362,3.037324,-13.3765,327.13088798356216,0.26088521938131315,1589.4739607781612,1
-38.215645,20.638468,-79.77868,17.139864,-66.583374,16.239159,-47.249355,27.697165,-21.275522,1.0399882,-27.787867,8.9523325,-11.502049,359.63797622541455,0.24572383996212122,1405.3712902145203,1
-29.296434,-34.74018,-46.143936,-24.708267,-29.337627,-5.7626286,-7.815383,-0.1736765,-26.039085,5.5937505,-5.4293675,-8.068597,-12.058938,297.20391851949853,0.32033222853535354,1732.8532628886787,1
12.91481,-19.913095,-48.780827,-17.684814,-37.720875,-6.49026,-17.739803,12.115474,-23.05282,-10.234163,-6.2006793,3.2210023,-13.280841,328.2350946215359,0.2615658538510101,1587.2565147547255,1
-20.624561,-20.850864,-48.830772,-17.007507,-37.616615,-5.88868,-18.016827,11.630062,-22.971582,-9.853746,-5.628531,3.9590766,-12.887387,330.9558911998273,0.26910807291666666,1576.8116846866942,1
-120.35063,16.044868,-59.855885,-47.751358,9.843592,17.04534,-17.065157,7.4804506,-2.405307,-13.598947,-6.2339716,-2.975223,17.892256,238.06654578626376,0.2074049961419753,1285.06250572227,1
-108.79227,16.600576,-54.40495,-42.398903,10.091983,16.255415,-14.725066,6.210811,-1.9565533,-12.230789,-6.2622037,-1.9409095,17.610786,238.06669108011494,0.20931592399691357,1310.9083651233595,1
-120.349045,16.047338,-59.852676,-47.749172,9.846054,17.048058,-17.062836,7.482746,-2.4019566,-13.596718,-6.230972,-2.9730194,17.894491,238.06654351443888,0.2074049961419753,1285.0515096150123,1
-167.90425,49.372643,-71.13975,-30.69766,-32.837566,45.05794,-27.06748,13.882617,-6.647256,7.6820617,-18.828407,-0.77773565,-14.223705,392.77214871862355,0.20435474537037038,1134.4067423533756,1
-163.45592,8.73232,-75.275154,-28.60193,20.537222,6.163963,-18.625706,15.281803,-23.16488,0.013256108,-4.8014245,19.326061,-9.168569,260.6339768167361,0.25704692322530864,1324.3536435820058,1
-119.7955,16.475914,-60.123108,-48.133293,9.641987,16.954082,-17.34785,7.0530763,-2.4351158,-13.496348,-6.277439,-3.0001674,17.815613,240.05121724425462,0.20713975694444445,1284.340082029353,1
-153.63347,14.993905,-61.15217,-48.087193,10.548004,17.90868,-16.801012,8.164085,-2.0952966,-13.786863,-5.7229114,-2.3663409,17.468956,241.91745133160364,0.23224127782534246,1284.8795418689713,1
-39.513023,70.75997,-54.492588,-28.707924,13.205541,4.9191003,-23.428997,-0.76462233,-12.153452,0.070152625,-23.120974,-5.6605754,0.69485134,231.26240158594484,0.2291937934027778,1085.307022447253,1
-35.538654,67.65751,-51.92297,-28.48526,13.066097,5.3078456,-22.466717,-1.8103428,-10.254498,-0.91789097,-21.879086,-5.371521,0.653123,231.6537685561154,0.2435574001736111,1097.874749967362,1
-39.51301,70.75978,-54.492886,-28.707497,13.205932,4.9195495,-23.428545,-0.763713,-12.153559,0.07093043,-23.120394,-5.660455,0.6956199,231.26239868522038,0.2291937934027778,1085.3083164999882,1
-93.46938,109.591515,-72.60239,-9.716012,-27.442818,42.286892,-41.77647,14.78185,-29.789133,14.232634,-16.547493,-11.081803,-11.362847,208.1793852778531,0.2014702690972222,972.544052633988,1
-69.95203,58.05748,-66.28366,-12.131966,18.096445,-10.621172,-19.73372,0.5375107,-13.651992,-6.3891864,-20.764702,13.454128,-22.589108,265.35751825422534,0.2589382595486111,1207.2792448892862,1
-35.874523,72.61396,-53.779396,-27.8215,13.119376,5.0435386,-23.033861,-0.8936069,-11.941888,-0.36615703,-23.09623,-5.688816,0.5553678,256.7513372692372,0.2288547092013889,1074.4978887097004,1
-64.96326,70.2203,-54.223747,-27.803467,12.626757,4.663169,-23.319542,-0.46848792,-12.597296,0.4318619,-23.41371,-5.8666506,0.8913616,233.25606365314408,0.21058238636363635,1089.0204646270963,1
-105.19454,98.255806,-19.394821,-30.002228,4.9538913,10.785455,-1.8765714,-0.74323237,-6.888963,-15.509913,-19.143867,-3.8376298,1.9886328,258.99815221864657,0.11088590801886793,828.4090407114223,1
-94.82562,88.13214,-16.313665,-28.741358,3.7740545,10.219461,-0.9055936,-1.1983613,-6.8442154,-15.3250885,-18.9883,-4.3082304,2.2270343,259.00159221122703,0.11027785966981132,886.2447325579262,1
-105.19319,98.255104,-19.394764,-30.001919,4.954301,10.785109,-1.8759737,-0.74278426,-6.8891625,-15.509405,-19.14335,-3.8379312,1.9895569,258.99814298483096,0.11088590801886793,828.4102778698336,1
-156.39072,124.64328,-25.92853,-10.482629,-26.546127,30.351748,-16.714214,15.675874,-15.841005,8.588394,-26.675474,-8.370979,-14.27027,230.79301448634547,0.10555166568396226,716.0021559974734,1
-139.23769,95.083824,-38.47071,-20.48223,11.513011,8.698875,-9.293804,-0.79757947,-18.619738,-14.962595,-8.352752,9.09489,-7.8220377,290.1357803150635,0.1503445607311321,885.6929487518328,1
-105.1963,98.52057,-19.263824,-30.11437,4.900113,10.7772875,-1.9343408,-1.0737481,-7.047704,-15.42702,-18.976902,-3.6310565,1.9460846,258.22052293708373,0.11125442216981132,828.6129134188502,1
-133.42418,98.65515,-21.112108,-30.658112,5.293785,11.861328,-1.7270011,-0.3302134,-6.1954384,-14.444973,-19.342901,-3.083318,3.4623594,258.66465157158956,0.119354248046875,827.3604349228207,1
-177.52293,42.566475,-46.615555,-28.701504,10.735553,-2.1555457,-5.079698,5.1586976,-16.864899,0.9029413,-18.756985,0.052642707,-18.797688,274.3157496663514,0.2097480969551282,1206.509841364837,1
-133.89102,31.470121,-39.047012,-19.55456,6.0213294,-0.17001042,-3.5167058,3.7840858,-11.484447,-1.431224,-11.734582,-3.0551229,-12.896875,271.93744426566326,0.24067257612179488,1321.049731229462,1
-177.53372,42.553947,-46.629333,-28.721441,10.720233,-2.1691234,-5.0955997,5.1433983,-16.87921,0.8928412,-18.770864,0.03482749,-18.80611,274.3157707479323,0.2097480969551282,1206.6185350676392,1
-207.71503,73.87305,-60.080524,-16.827755,-18.722946,24.362535,-28.213945,27.053896,-25.009579,8.699948,-19.6836,-2.5181913,-6.8467956,239.9236219594263,0.19535006009615385,1046.1254166016374,1
-203.86911,32.385838,-60.100918,-15.871951,12.74599,-9.376659,2.098255,-6.658682,-12.576646,-6.8017836,-15.288956,-4.8928747,-17.751543,302.81889987648464,0.24517978766025642,1277.7820000285978,1
-175.06966,44.185387,-46.222263,-28.664545,11.208772,-1.459301,-5.5228653,4.6391296,-17.270084,0.4353308,-19.264442,-0.28165826,-18.568012,274.3140753867934,0.20915965544871795,1205.0012406883084,1
-190.09563,45.6983,-49.391243,-28.1375,11.448574,-1.9770255,-4.877537,5.2922134,-17.820244,0.9348733,-18.39227,-0.48505762,-19.619432,268.54708089223755,0.21164899553571428,1170.4866357518943,1
-55.490868,69.65233,-39.09514,-23.264044,-24.846125,-0.30135757,-36.44751,14.671152,14.92189,8.693438,-18.730986,-17.02732,-8.882682,292.18550643988755,0.17061730587121213,1044.7534032193596,1
-46.21428,62.405968,-33.229523,-24.560652,-21.426973,-2.7923772,-32.102146,12.156019,16.432701,7.7632732,-16.819715,-18.05135,-7.678875,292.1957851602784,0.17592921401515152,1094.870285251278,1
-55.491116,69.65021,-39.095486,-23.266619,-24.846453,-0.30365902,-36.44745,14.6686125,14.921248,8.691727,-18.731686,-17.02941,-8.88331,292.18550986152997,0.17061730587121213,1044.7676124044792,1
-99.909256,104.70841,-54.794296,2.30085,-52.763474,24.592089,-47.93438,1.5807377,-2.4565184,27.374355,-1.7137845,-4.5653486,-25.672077,260.1619317050687,0.1568270596590909,918.2620557395762,1
-79.01447,56.60225,-46.10098,-28.361101,-16.196299,-12.277501,-18.459698,33.771152,1.2313918,-12.005196,-26.394388,-0.65189606,-0.15334788,327.85043788780376,0.19699928977272727,1129.9009769897293,1
-55.82906,70.3443,-38.871452,-23.546665,-25.325022,-0.45551285,-36.630836,14.59824,14.706569,8.62025,-18.860373,-17.332113,-9.214082,292.3914647132711,0.17106119791666666,1041.6214472294996,1
-74.39631,69.80193,-38.515522,-23.011383,-24.671244,-0.07805068,-35.970493,15.773174,15.860998,9.175054,-18.461723,-17.344387,-8.726296,292.38693753238874,0.172119140625,1048.138691366807,1
-6.75185,91.693634,-27.669502,-33.530037,19.464493,16.756794,-25.093315,2.1198595,-2.6530397,-3.2827358,-9.680589,-12.9996195,-1.8572037,376.56823290266146,0.13727438038793102,938.5971946134446,1
-4.8986964,89.84517,-27.088377,-32.96092,18.982855,16.62937,-24.286364,1.2915466,-2.134706,-3.4777644,-9.649518,-12.873,-2.0302923,376.5718957749097,0.13772898706896552,946.6045346102579,1
-6.7524357,91.6946,-27.669703,-33.530132,19.464718,16.756899,-25.093246,2.1201525,-2.6530638,-3.28242,-9.680752,-12.999472,-1.8571391,376.5682230364832,0.13727438038793102,938.5906150632802,1
-66.17451,128.66812,-44.776234,-8.099484,-29.477863,57.67789,-38.66975,14.649249,-19.702364,15.859705,-16.345684,2.6894288,-21.577644,335.39921814836737,0.1287378771551724,832.4992961275672,1
-40.52865,87.68836,-44.1519,-19.52857,28.003159,-2.5521452,-24.524462,12.347322,-14.192458,-3.517955,-20.369116,2.522592,-10.636152,231.05505239060182,0.15277310075431033,982.7022095921405,1
-6.866564,92.42032,-27.304268,-33.097137,19.855879,16.83048,-24.974575,2.0119455,-2.650445,-3.487527,-9.534467,-13.164603,-1.8331584,376.87814862194335,0.1363988415948276,934.0386471049358,1
-37.168915,92.757805,-27.243933,-33.73237,20.801804,16.701838,-25.446482,1.2224783,-1.61224,-3.1404233,-9.784856,-13.835454,-1.5003746,376.78724747257655,0.12392209610849056,914.3372957225496,1
-71.33031,34.709568,-74.73037,-29.771873,4.471129,2.9053497,-19.158411,9.036447,-6.533367,-2.8101609,-13.811477,7.878608,-0.40397817,307.0316274880593,0.2580055414244186,1199.4039770272427,1
-65.203026,32.024048,-70.222275,-29.44522,5.5274596,2.5518293,-17.671255,7.761664,-5.1475434,-3.5130312,-12.943236,7.74689,-0.43048814,307.03283029718574,0.25700626816860467,1215.822481730665,1
-71.330215,34.70849,-74.73046,-29.772402,4.470708,2.9046829,-19.158247,9.03561,-6.533648,-2.8106985,-13.812142,7.8787346,-0.40417317,307.0316299195212,0.2580055414244186,1199.4112572485512,1
-117.62259,73.1954,-88.53753,-14.851415,-29.25721,32.455906,-35.93552,17.70901,-15.350623,10.619213,-17.558104,-4.988592,2.7011638,279.00487407762716,0.21663789970930233,1069.1868017199786,1
-105.72621,21.861233,-80.76972,-13.825929,8.753774,-7.431449,-13.016407,10.155533,-13.640296,-0.8606987,-7.727385,9.344273,-22.710152,343.2207888558457,0.2682253815406977,1292.769188014801,1
-71.25791,34.918427,-74.736626,-29.893143,4.4580393,2.8339665,-19.254768,8.965429,-6.695219,-3.0195057,-13.969184,7.935826,-0.26476094,304.6792604333805,0.2580055414244186,1199.0661163072843,1
-95.78653,34.228226,-74.75526,-29.563263,4.7472687,3.3829627,-18.776583,9.285941,-6.7623777,-2.0308523,-13.618371,7.780067,-0.8329741,313.66710655876346,0.24938651842948717,1206.8462064343744,1
-70.16143,49.1285,-60.205452,-2.1849039,-5.3245387,0.5949584,-11.217439,3.214849,-17.856413,-5.705691,-7.1958194,-13.8690195,-9.589899,276.90058045418766,0.18179724351415094,1119.6167047482156,1
-64.36232,44.624046,-55.46003,-4.364666,-3.1209378,-0.6723675,-9.021267,1.935022,-15.935266,-6.1303573,-6.548589,-13.411944,-9.502678,276.89885090872576,0.18270010318396226,1141.7026917935964,1
-70.163,49.129314,-60.206337,-2.1843917,-5.3247876,0.59530246,-11.217219,3.2155313,-17.856005,-5.7049413,-7.1956573,-13.868265,-9.589995,276.9005791907527,0.18179724351415094,1119.6108790677933,1
-122.969765,88.80337,-83.36688,15.2570305,-30.537079,24.988827,-30.318674,20.259384,-22.369772,-1.2181448,-13.668122,-0.11739987,-15.703783,245.98548202466012,0.2011810878537736,998.299427589974,1
-104.603134,34.321087,-64.793495,7.9056697,-7.273684,-0.58903354,-12.202387,-1.2856714,-23.149836,3.854058,-23.105251,-2.693949,-13.686289,307.9950799544012,0.23874189268867924,1225.5132140298624,1
-67.69283,51.021645,-59.71407,-1.5729909,-5.091062,1.0019989,-10.970945,3.3397808,-17.39696,-5.13974,-6.809202,-13.714958,-9.435237,274.14174768875296,0.1792544958726415,1115.0065621654062,1
-99.68451,48.904316,-60.36139,-1.8555516,-3.5933247,0.042049676,-11.913844,3.8257027,-16.948746,-5.3761234,-6.871593,-13.3911705,-8.808245,276.13605839340465,0.2213134765625,1124.9159559118198,1
-32.379078,41.73051,-21.773516,-28.995813,0.7663,-9.702435,-3.849059,6.979422,8.803924,-21.10366,-0.52441585,-15.384084,4.0223827,279.17304554087576,0.18607584635416666,1317.2041718130467,1
-30.004705,40.384724,-20.773764,-28.242624,0.5109752,-9.409863,-3.5802872,7.1065164,8.465751,-20.311983,-0.98190546,-14.865112,3.8289063,279.1733809124681,0.186187744140625,1326.037012143914,1
-32.37853,41.730522,-21.773203,-28.99529,0.76687837,-9.702088,-3.8487842,6.979712,8.803864,-21.103312,-0.5243046,-15.383603,4.022777,279.17304752981886,0.18607584635416666,1317.1981405002489,1
-83.621605,75.36021,-42.937286,-0.159211,-31.516588,23.692278,-33.952442,20.801643,-6.622822,15.388524,-27.209656,10.261326,-29.648817,248.718804613418,0.17066446940104166,1114.7335174372154,1
-76.44976,45.10912,-39.75079,-14.805192,-6.3842835,-1.8255166,-4.236179,16.644527,-21.079802,-6.2186007,-9.602548,-3.1069639,-8.711013,313.28953418693146,0.20430501302083334,1200.594307074275,1
-32.167397,42.402233,-21.39977,-28.98086,0.3807614,-10.475445,-4.0377903,6.9613724,8.911957,-21.228605,-0.7197663,-15.966663,3.773674,279.20688936799263,0.18707275390625,1309.5781248971873,1
-60.67428,41.01782,-22.39017,-28.908012,1.6686515,-8.955522,-4.4708457,7.0359225,7.626674,-21.188318,0.12789932,-14.516563,3.964883,279.0267912207029,0.19256449854651161,1305.9894083965823,1
-76.54954,49.23039,-67.498024,-40.07736,7.062701,3.773354,-13.6853485,-2.7707055,5.3773656,-10.87174,-18.998678,-8.142191,-4.8090734,240.48910457782202,0.22587492028061223,1178.3472035635134,1
-70.38302,46.731483,-63.708954,-39.234005,7.430187,4.6643267,-12.871602,-2.2224414,5.8925967,-10.1395235,-18.08937,-7.773255,-3.7351866,240.48997577900923,0.23116629464285715,1198.9540568522325,1
-76.54903,49.231033,-67.4976,-40.076664,7.0627556,3.7738605,-13.685067,-2.770646,5.3783603,-10.87101,-18.998402,-8.140728,-4.808777,240.48910127169574,0.22587492028061223,1178.3442563441822,1
-127.860214,87.711426,-81.934135,-26.834318,-32.514366,32.830353,-28.421892,10.273553,-18.40619,19.739454,-27.2264,0.847092,-24.589214,327.89674308630816,0.2079480229591837,1041.4555586021468,1
-109.530685,41.099785,-83.833435,-23.057848,9.31102,-3.073268,-14.7175,7.003737,-9.213798,-19.812685,-9.742665,1.8694715,2.4908884,227.53316931164153,0.25649713010204084,1250.4070492860908,1
-73.93536,50.696342,-68.43845,-41.28095,7.0219994,4.2947545,-13.602616,-2.647371,4.7220616,-11.004374,-19.910812,-8.248406,-5.019458,241.86865556212237,0.2246890943877551,1153.0898504520458,1
-107.030205,50.43597,-66.23238,-40.384983,7.513139,4.25809,-13.123928,-1.0811201,5.121681,-11.517916,-19.805614,-7.805966,-4.0104523,244.50801394126677,0.23582899305555555,1196.6209313137965,1
-80.23277,100.20495,-47.385292,-47.917984,5.298991,10.317805,-12.159488,-11.433252,-8.722226,-7.348665,-19.646189,-8.385222,0.065383345,225.55489949405361,0.19610792590725806,870.5357891965734,1
-69.75819,90.463066,-43.57163,-46.049465,4.061268,10.57929,-10.926681,-11.746368,-7.801834,-7.842785,-18.395426,-8.413297,0.40505287,225.5545184965624,0.19727350050403225,901.8874349690551,1
-80.23288,100.20421,-47.38525,-47.918728,5.298915,10.317013,-12.160081,-11.432957,-8.72425,-7.3478546,-19.647005,-8.386197,0.06554953,225.55489993371242,0.19610792590725806,870.539201709342,1
-133.09367,132.59933,-52.71141,-30.601198,-32.953983,35.146458,-20.828627,8.356111,-27.564966,9.490351,-20.625084,-7.3249555,-17.943499,204.80266172460273,0.17010301159274194,768.8046072736757,1
-111.424736,92.24813,-71.40795,-32.21359,14.548744,2.1760864,-20.929895,-7.3826714,-12.857467,-13.211242,-15.496369,7.4141755,-7.599947,255.46829804647152,0.2105200982862903,949.1483883817178,1
-78.39139,100.84679,-47.66493,-47.724327,5.593077,10.212634,-12.080251,-11.322822,-8.832418,-7.2874556,-19.514343,-8.157986,0.14928012,226.19878561565366,0.19580078125,870.3812181811736,1
-108.34809,101.786545,-48.273277,-48.177048,4.9253354,11.399395,-12.391277,-12.470746,-8.745577,-6.9812093,-20.853842,-9.5011215,0.27815157,219.0480852179706,0.18452748081140352,864.2790907967129,1
-69.43238,55.50377,-62.12381,-42.014626,3.8066154,7.361573,-3.920265,7.011044,-12.983639,-14.977829,-2.9651997,-1.3264382,-7.439807,311.28513149387487,0.2212899584288991,1030.40273756367,1
-64.36575,52.891968,-59.179825,-41.066193,3.891847,7.526072,-2.7514086,6.43339,-12.156666,-14.735376,-2.8463116,-0.59041566,-7.3462224,311.285241024668,0.2212586009174312,1043.844858806539,1
-69.42977,55.503468,-62.121952,-42.013584,3.8075774,7.3621535,-3.9189677,7.0114484,-12.982493,-14.977089,-2.964219,-1.3252368,-7.4390364,311.28513083152427,0.2212899584288991,1030.4071679547783,1
-120.89443,89.00053,-70.24187,-26.73218,-30.613045,29.811428,-22.616123,22.315393,-12.602993,-2.3319192,-23.773323,1.8518002,-7.9188733,278.22581302467137,0.18823914134174313,900.0602940571655,1
-106.511345,45.210247,-78.75283,-25.346,11.57885,5.291681,-6.068762,2.242723,-23.906027,2.4359965,-7.0041723,-5.7388988,-19.20772,348.2959739544476,0.2405479501146789,1110.8158842173923,1
-68.32086,55.745502,-62.064995,-41.986794,3.9085853,7.5391498,-3.7590764,6.8260894,-12.968378,-14.953007,-2.9630291,-1.2472261,-7.4837704,311.26174640664067,0.2212899584288991,1029.987283285994,1
-103.75077,53.577484,-63.233276,-41.946796,4.5853286,9.084358,-4.641966,7.217062,-11.933624,-14.345379,-2.4830177,-0.65933967,-6.552457,311.37488858215755,0.21626420454545456,1048.5528237232309,1
-44.243515,68.93994,-12.234696,-15.390021,-3.3821917,-14.183676,-18.220898,4.7828636,-33.41919,-14.93861,-13.505519,4.072318,-13.605027,385.91704597148936,0.10415810032894737,945.2045460078547,1
-41.893623,66.71449,-11.565615,-15.181737,-3.536964,-14.103177,-17.65742,3.8189003,-32.314064,-15.499697,-13.061658,3.902382,-13.40255,385.91725495401647,0.10570004111842106,956.0777652961607,1
-44.243782,68.94029,-12.23483,-15.390094,-3.3817272,-14.18365,-18.220688,4.782759,-33.419064,-14.9385395,-13.505648,4.072645,-13.605359,385.9170518308861,0.10415810032894737,945.2017106098741,1
-90.44745,98.32512,-27.127447,8.0728855,-26.397934,16.972692,-45.260517,22.625631,-27.133291,-9.232325,-28.421204,-3.809184,-3.7426481,343.7937807176115,0.0779065583881579,783.1336139562707,1
-76.455414,65.09259,-22.172817,-13.484802,-5.366055,-22.44744,-8.760722,-13.572186,-35.070446,0.5816355,-8.284233,-5.032308,-23.951544,288.618082684633,0.12343236019736842,1016.7388147386838,1
-40.07018,69.4815,-11.658683,-14.468819,-3.5381718,-14.050042,-17.751467,4.4482355,-33.370625,-15.015797,-13.463165,3.7316227,-13.7081785,385.91667358639233,0.10545590049342106,944.6898688531736,1
-71.418106,69.14051,-12.108258,-14.843687,-3.4546304,-13.984698,-17.868261,4.7365856,-34.000862,-14.897878,-13.560035,4.3756943,-13.673813,386.09354473184374,0.09517299107142857,918.1004829196961,1
-129.14088,47.217087,-37.90645,-38.36934,-7.319024,26.28201,-23.694899,-2.6744993,-6.3059244,-15.99282,-10.129873,-10.321618,-9.967671,265.5000764045929,0.19843937800480768,1170.8011199296857,1
-108.34299,39.392742,-32.497395,-33.726738,-5.2347364,21.175192,-17.64609,-3.8863645,-5.176247,-13.609335,-8.247572,-10.378033,-6.4559,261.6847355464877,0.21456204927884615,1253.6740071638678,1
-129.1436,47.21386,-37.9093,-38.373184,-7.323169,26.28086,-23.698792,-2.6793914,-6.309331,-15.996019,-10.134932,-10.323498,-9.970269,265.5000766375543,0.19843937800480768,1170.8317387819598,1
-173.31079,81.12525,-48.852737,-14.141478,-49.096523,45.568325,-24.256529,2.4782107,-14.568381,2.531738,-24.08442,3.8924525,-23.329008,364.22879338108163,0.17398775540865385,998.6919590579964,1
-165.94847,34.964985,-47.509644,-32.941826,12.783347,10.867333,-29.947348,6.3875017,-21.796354,-10.391678,-10.809258,-5.1125607,4.4937353,229.2851241282563,0.22657189002403846,1261.962068451062,1
-127.71001,47.74606,-37.863045,-38.633945,-7.3031335,26.715729,-23.650757,-2.607272,-6.547851,-15.953157,-10.16422,-10.630248,-9.80188,271.8777685670861,0.1985144981971154,1169.039610920525,1
-154.60338,47.271202,-36.891857,-37.790726,-7.048194,25.712608,-23.456945,-2.1878865,-6.7292547,-17.378576,-10.83682,-10.535214,-11.033012,284.54111254115674,0.19708901263297873,1154.2538041716691,1
-106.13465,52.129707,-64.33312,-32.850903,15.9377365,1.5264369,-27.826788,3.2528384,-7.7108564,-8.789324,-14.649795,-4.5151033,-6.40864,301.23006220916955,0.221171875,1069.9439860116147,1
-94.068016,45.148613,-58.31524,-30.806763,15.74455,1.1263641,-24.27035,1.8843927,-5.1094756,-8.469782,-12.635869,-3.8619316,-5.9630446,301.23150488359374,0.2215625,1104.7666708684683,1
-106.13371,52.133244,-64.3305,-32.847813,15.939999,1.527717,-27.824823,3.2544425,-7.7095757,-8.787182,-14.648347,-4.513147,-6.405916,301.2300621926921,0.221171875,1069.9381491347847,1
-146.11552,90.006966,-77.60806,-20.998665,-20.370031,38.162735,-42.44592,9.106597,-16.340902,7.132328,-20.933527,-5.5162826,-7.3524623,266.7048118274698,0.19669921875,932.6662475878302,1
-143.20798,41.934982,-79.41674,-14.876132,20.742285,-15.927908,-21.733637,10.932754,-18.620665,-4.5463,-14.3768015,4.38821,-18.480436,332.8005690071784,0.26515625,1179.0634719995217,1
-104.81348,53.82726,-63.36928,-31.850107,16.50422,1.7383307,-27.298195,3.5253506,-7.6595936,-8.454682,-14.29245,-4.241314,-5.8146715,303.2776692039162,0.2209765625,1064.8521397763875,1
-122.79562,54.45087,-65.73464,-34.07117,16.039373,0.99879545,-29.225702,4.1915927,-8.019831,-10.058151,-15.910293,-5.0533733,-6.405734,299.04115360152514,0.21705163043478262,1048.422343591567,1
-39.945164,35.018635,-47.099213,-46.627106,21.112558,-19.40107,2.090921,1.7785113,-4.597868,-16.068617,-9.540806,11.444866,-14.683996,305.2301709819029,0.26524832589285713,1346.304880441703,1
-37.220642,33.945774,-46.019672,-45.249508,20.127695,-18.098093,1.9761461,1.8669015,-4.3324203,-15.8016,-9.3699045,11.398547,-14.300055,305.2294202660556,0.2638950892857143,1350.5621534947518,1
-39.94569,35.018715,-47.099342,-46.627396,21.112658,-19.40137,2.0910625,1.77838,-4.5979996,-16.068228,-9.541409,11.44518,-14.683878,305.23016997317893,0.26524832589285713,1346.3058609937252,1
-83.182594,70.08694,-59.395172,-29.217049,-13.293929,20.554316,-36.062115,30.075691,-25.089508,19.464447,-43.067078,14.390252,-10.270114,269.41602376769515,0.21803850446428572,1161.3044938839357,1
-80.062294,30.48703,-67.12074,-23.826181,16.31925,-18.491724,8.505286,-7.144963,-11.157294,-15.894424,8.01209,-13.141683,-11.200826,337.9294309994147,0.2515625,1316.7373666776969,1
-37.673874,36.06309,-47.82769,-47.387527,20.910841,-18.74625,2.6110604,1.4404664,-4.8549943,-15.884658,-9.063746,11.073419,-15.247723,293.082206234274,0.2653599330357143,1343.0388484507357,1
-62.428223,36.197792,-46.408123,-45.80967,21.660385,-19.050505,2.2313805,2.1578174,-5.085929,-16.64955,-9.662198,11.232659,-15.426529,304.2473611436742,0.2360687255859375,1323.3011726225354,1
-80.20761,79.04099,-46.488827,-15.035252,14.551958,-4.9491053,-12.112703,-5.6072927,-10.883935,-11.608214,-14.734907,0.103111535,-9.588987,244.05078626593416,0.11404497195512821,884.118391766103,1
-73.53121,73.10445,-42.95527,-14.844028,13.832744,-4.2017303,-11.842381,-5.6477246,-10.177215,-11.728579,-13.425505,-0.3877469,-8.879457,244.05040034677046,0.11474609375,907.9258606472018,1
-80.205666,79.03916,-46.488064,-15.035075,14.552136,-4.949547,-12.111594,-5.607454,-10.88375,-11.608542,-14.734317,0.10303397,-9.588769,244.0507856049639,0.11404497195512821,884.1231198857114,1
-126.86437,113.25902,-57.934628,-2.8724382,-11.138521,25.217377,-29.717045,11.596791,-23.93223,5.291264,-26.497002,-1.978651,-8.8522215,217.37605948008544,0.09992237580128205,744.866305257287,1
-115.86457,70.951706,-56.28953,2.097293,9.368102,-12.621455,-14.682365,-6.7261624,-18.52396,-10.314953,-8.401737,-4.229045,-21.442133,273.92000953932575,0.13753255208333334,928.1582183131892,1
-77.01485,80.27767,-45.245167,-14.525393,14.494599,-4.5841165,-11.6575775,-5.467566,-10.811115,-11.230257,-14.252893,0.08442433,-9.441604,244.03250514482554,0.11316856971153846,881.5618070024296,1
-107.66794,78.915375,-46.01842,-13.106088,14.792557,-5.824513,-12.888527,-5.8506527,-11.273891,-10.770649,-14.348197,0.59826213,-10.405467,244.13136565741453,0.1078152126736111,851.1079754857176,1
-119.05226,87.25524,-11.063385,-17.079033,-7.298873,12.267053,-16.375963,-3.8714643,4.105065,-14.4739895,-10.79011,-17.971783,3.8107145,254.36489412956794,0.12441312349759616,897.8890340055164,1
-106.56904,76.1641,-7.3754754,-17.096525,-6.121498,9.389187,-13.694026,-4.2717657,2.8160894,-12.836763,-12.153815,-15.952937,3.0885203,255.652589866017,0.1354651817908654,985.478898660914,1
-119.051895,87.254486,-11.062925,-17.079536,-7.2988987,12.266822,-16.375868,-3.8727949,4.1058207,-14.474102,-10.791048,-17.9713,3.810708,254.36489522342268,0.12441312349759616,897.8953529829719,1
-171.10666,111.943634,-21.272602,4.1527586,-33.698193,28.743141,-19.235249,-1.4786054,-7.9174643,7.3298206,-17.176569,-3.0632682,-26.720245,226.66342537738944,0.10306490384615384,772.8540719606493,1
-153.67508,84.91043,-23.976847,-13.514503,-1.8934934,8.222293,-24.56667,11.918941,-16.460308,-12.925332,-14.380585,5.298604,4.4615583,281.7179745950268,0.12739915114182693,926.7714860525934,1
-118.811714,87.5712,-10.947987,-16.984627,-7.2205396,12.329683,-16.265656,-3.894183,4.090122,-14.477905,-10.855737,-17.961578,3.8395612,253.42190927192325,0.1244647686298077,895.7538036622142,1
-151.6413,87.65996,-10.677297,-17.107962,-7.6730537,12.645472,-16.619976,-4.11834,4.218333,-14.849198,-11.204047,-17.120945,4.2450175,256.0537870421455,0.10670230263157894,888.8874395513193,1
-53.794746,26.012592,-59.5983,-24.830044,-1.4148175,1.2934859,-9.104207,1.9663336,-18.958775,3.00049,-18.68463,-1.901794,-2.590826,274.2336463251327,0.2165798611111111,1229.4659671727957,1
-50.169155,25.082668,-57.234154,-24.204521,-0.8933102,1.3786366,-8.464939,1.4701606,-17.850039,2.3997774,-17.523554,-2.0410907,-1.7877955,274.2335806034311,0.2172309027777778,1239.2171858209394,1
-53.79497,26.012978,-59.59859,-24.829977,-1.414984,1.2938701,-9.104451,1.9663968,-18.958778,3.0007386,-18.684376,-1.9013749,-2.5905008,274.23364579080305,0.2165798611111111,1229.462091494329,1
-105.44282,65.10518,-78.011955,-4.0450535,-33.093674,29.336025,-32.71607,25.575068,-31.64936,9.430985,-17.45956,-6.916729,-11.453272,240.71052659653313,0.20443793402777777,1080.1245021479513,1
-94.45608,11.976836,-64.33275,-15.059733,2.6193042,-4.471125,-5.4170856,-6.4989057,-12.869541,-2.6685524,-15.37271,10.326725,-10.144159,305.34531345716,0.2535264756944444,1323.6612512274594,1
-51.82342,27.123222,-59.937435,-25.031961,-1.180695,1.4501593,-8.733334,2.1399534,-18.602959,3.235932,-18.746975,-1.8660765,-2.4262404,270.22772323569944,0.21703559027777777,1227.1275630072585,1
-81.8072,26.472778,-58.73088,-23.17551,-0.07048155,0.7133447,-9.624467,2.4928129,-19.63525,3.2996702,-19.473434,-2.6942174,-2.1349914,274.1744282208291,0.23656631097560976,1230.3573419818308,1
-111.368385,72.2392,26.256533,-0.17847788,-5.7406983,-13.005949,-27.306683,2.56024,-1.2507772,1.3132802,-5.9654875,3.7924464,1.9358404,278.8156442340407,0.1018210018382353,892.5057361504449,1
-99.2418,66.02417,25.500221,1.1370636,-5.250583,-13.215818,-25.067001,1.3919785,-0.41500312,0.71950233,-5.072911,3.457225,2.1291053,278.818107502399,0.10912367876838236,953.4418639102582,1
-111.36713,72.2402,26.256914,-0.1775802,-5.739568,-13.005624,-27.305174,2.5611722,-1.2494342,1.3141409,-5.9650836,3.7939022,1.9369922,278.8156507792499,0.1018210018382353,892.4843137260865,1
-156.26642,94.96759,8.794919,27.956226,-24.803818,15.61431,-45.76083,4.284927,-15.997577,14.224626,-12.616367,3.4776187,-6.0079746,251.3445262006743,0.0902243221507353,729.8490089416016,1
-144.43774,74.788345,19.341194,-5.793689,-10.068119,-21.527357,-14.613244,11.327723,-5.8149986,0.14197847,-2.646785,7.0627193,-10.1818285,295.46375547872304,0.12248678768382353,939.8062586096981,1
-110.57295,72.84742,26.919464,-0.025453424,-6.018681,-13.23349,-27.767036,2.4105382,-1.1378354,1.5713575,-5.756588,3.8773992,1.9376266,278.564856327493,0.10159122242647059,888.5422122719822,1
-138.73555,73.98552,27.431433,1.4988688,-5.306631,-14.182128,-27.965551,2.23143,-1.6082089,0.4118509,-6.3338704,3.7883635,1.6064869,283.51147486375663,0.10016853578629033,853.0403187504257,1
-133.2426,40.016468,-46.899574,-40.747753,11.552223,25.469147,-16.251465,5.678436,-9.504704,13.000901,-10.885877,-2.5059893,1.0564902,346.60383795293325,0.21476862980769232,1250.854220076127,1
-108.3412,34.45673,-41.91821,-34.966534,10.394044,21.689949,-11.972166,2.7019575,-6.3570995,10.382197,-8.24424,-2.952141,1.1710888,346.6126696759391,0.24190955528846153,1345.7393156865728,1
-133.24295,40.018616,-46.897537,-40.74882,11.548805,25.469324,-16.252058,5.6769238,-9.505251,13.002689,-10.884621,-2.5083387,1.0565705,346.6038531967965,0.21476862980769232,1250.7900169455286,1
-177.7912,75.52051,-61.108833,-21.524658,-33.424007,54.184135,-25.335999,20.33045,-21.75432,14.02603,-2.1419377,-1.5896083,-5.561324,308.78253252302403,0.19565805288461538,1079.7192860638709,1
-167.6556,29.785295,-60.221176,-27.086542,28.809767,7.1425557,-16.335526,7.629928,-4.644843,6.106611,-18.174994,13.792253,-8.73861,388.82613688664645,0.25511568509615384,1328.6743522593124,1
-132.15387,40.885433,-46.696182,-40.620544,11.55859,25.370274,-16.177015,6.1116276,-9.170532,13.340575,-10.478723,-2.0518548,1.2434741,346.53606320404975,0.2146709735576923,1248.1610566015345,1
-158.07574,40.62962,-48.566414,-40.02417,12.867797,26.4508,-16.643188,5.9247246,-9.179082,13.19066,-11.38617,-2.4855037,2.2068214,346.66091098730516,0.2214396848516949,1236.4063053553057,1
-64.04217,63.58286,-35.96045,-58.717663,-30.71313,26.180037,-19.1984,15.543867,-2.1561077,-6.6059165,-19.759312,-20.93642,2.8993368,318.4323353153943,0.18332159323770492,1108.0533208280553,1
-55.984203,58.893692,-32.795776,-57.34755,-27.837812,22.631683,-14.81782,14.211988,-0.9962888,-6.0063457,-19.034052,-19.994658,3.5889843,318.4335569629542,0.18398597592213115,1141.2159584935675,1
-64.041756,63.583687,-35.95916,-58.717247,-30.711657,26.180645,-19.197433,15.545039,-2.1552987,-6.6048794,-19.757841,-20.936083,2.90127,318.4323296579687,0.18332159323770492,1108.046970964849,1
-115.39482,96.789536,-46.914658,-24.504175,-74.5836,41.058205,-27.260288,16.484491,-2.310461,9.697463,-9.812675,-13.089554,-24.79793,288.29320843368305,0.16935354764344263,975.8496784357014,1
-97.960266,53.073463,-52.700348,-62.641537,-4.416574,20.580603,-17.08058,22.162865,-23.018667,-8.713075,-27.109703,11.650738,-3.2534635,356.8660200624073,0.21120165215163936,1194.7446263305508,1
-63.616302,63.5901,-35.63595,-58.376354,-30.535858,26.229067,-19.025414,15.793497,-2.2879755,-6.5080767,-19.855236,-20.987946,2.750181,318.5279931642713,0.18341764856557377,1108.4800639764514,1
-92.08765,65.26539,-36.59811,-59.377827,-29.785933,26.540176,-19.497248,15.555449,-2.7585316,-6.4252696,-19.678362,-20.562496,4.074085,324.2496724256812,0.18842424665178573,1098.5517852479059,1
-54.961716,11.260057,-61.8187,-35.662052,-1.7161181,-5.5508733,-9.0011425,-13.21761,3.9820275,-8.547478,-8.2933445,5.1262918,-3.0081177,290.58163210699894,0.2147258890086207,1249.4166485606188,1
-51.61209,12.654076,-59.230827,-34.207333,-0.6216731,-4.3834558,-8.214278,-12.079193,4.488739,-8.13228,-7.8986454,5.0794473,-2.7766368,290.5812271966927,0.2147932381465517,1253.9858416863522,1
-54.961586,11.259399,-61.81907,-35.6618,-1.7160859,-5.550711,-9.000762,-13.216626,3.9823136,-8.546613,-8.293139,5.1267505,-3.0077991,290.58163321745405,0.2147258890086207,1249.4190705385686,1
-96.074715,52.13717,-79.72727,-15.547009,-35.24535,23.426975,-28.326948,9.857668,-26.44873,23.429945,-30.83257,12.504718,-14.827548,258.80121773584506,0.19613752693965517,1106.8889722270976,1
-96.18735,3.0558856,-74.59805,-18.634275,-2.3115733,-4.4581246,-18.422356,-2.6700883,-3.12214,-12.359568,3.4951155,1.0227219,-3.966651,326.8252995389024,0.24769329202586207,1281.2576786140246,1
-50.422146,14.345116,-62.48451,-36.852158,-1.9123877,-5.334,-9.512325,-13.79678,4.2259107,-7.3317933,-6.459692,5.9360547,-4.321789,280.4180411442296,0.2141534213362069,1244.5110094837548,1
-78.26278,11.363097,-61.36955,-35.657993,-2.702763,-5.947296,-8.951128,-13.247518,4.5379715,-8.603578,-8.32892,5.65203,-3.847986,291.4513377238398,0.21612079326923078,1262.2491812684652,1
-77.74785,72.34546,-35.219322,-17.826292,1.5327709,-20.615257,-17.355694,5.97404,-16.150213,-10.936843,-7.9044924,-5.4915824,-8.423176,313.37438455983437,0.15292440878378377,922.3517794068418,1
-69.41547,67.49687,-31.731901,-17.561516,0.95419437,-18.965733,-15.682416,4.907386,-14.15496,-11.36246,-7.2102885,-4.914949,-7.4098363,313.3776840673812,0.15803156672297297,958.144016424076,1
-77.748184,72.346306,-35.218674,-17.825657,1.5342662,-20.61494,-17.355186,5.9743934,-16.150139,-10.935415,-7.903285,-5.491822,-8.421716,313.37439498030125,0.15292440878378377,922.3483653010766,1
-116.37938,99.3411,-45.093616,-5.921855,-16.640497,8.199967,-40.246857,16.173214,-14.478412,-2.628085,-19.44892,-0.51831895,-14.302296,278.2715330617419,0.12998838682432431,792.3508661587799,1
-107.6157,65.38206,-45.665882,-9.02489,-5.471385,-23.29185,-4.66889,-1.7708907,-23.367468,-3.061459,-10.473223,-3.8916252,-7.338666,351.6144194836413,0.16986908783783783,973.6789291815458,1
-72.316574,75.78448,-34.013153,-18.26875,0.7367547,-21.474346,-17.709465,6.481912,-15.744886,-11.649769,-8.00886,-4.9090853,-8.029255,309.99753206135046,0.15475876266891891,906.9859661312585,1
-98.14552,74.5528,-35.615868,-18.496092,1.1567898,-21.330755,-18.105572,6.4917336,-16.207123,-11.215445,-7.1680636,-5.6468472,-8.282524,312.77644092036707,0.14247455018939395,884.4579585804141,1
-133.04083,86.56879,-50.62844,-35.226845,1.1093435,-4.3127832,-23.132393,5.6018186,13.636556,-10.524573,-19.50219,-11.334248,-2.960121,257.6129500345957,0.18061398237179488,954.3516308119998,1
-111.0565,69.385826,-41.332695,-32.485935,0.6299621,-4.6514053,-18.498549,4.928487,13.747539,-8.019702,-18.848305,-10.150961,-2.2030804,257.61537391090064,0.1974158653846154,1066.009820402832,1
-133.04288,86.56662,-50.62866,-35.2296,1.1084818,-4.3131256,-23.135153,5.60152,13.635085,-10.5263,-19.504099,-11.334291,-2.9619603,257.6129538641385,0.18061398237179488,954.362124906693,1
-174.50932,114.25662,-56.34421,-23.08656,-23.933641,21.628466,-33.431904,-0.33195662,-0.18085194,20.740662,-17.873646,-8.516118,-19.829498,262.19166687496653,0.16442558092948717,846.1034230466194,1
-162.90831,78.21833,-69.15758,-22.800808,1.6823666,-11.639747,-16.047699,22.412716,-9.23955,-20.596725,-14.0633955,1.450512,-8.08026,261.39355930709615,0.2146434294871795,1028.757026675635,1
-132.22424,88.19527,-50.05778,-35.28146,0.3195521,-4.712429,-23.68236,5.3679447,13.715631,-10.752514,-19.798212,-12.014681,-3.3395119,241.88226155657517,0.18155298477564102,949.0105768170947,1
-154.48293,87.37821,-51.890476,-35.86159,0.92047596,-3.6715052,-22.711575,6.289179,13.877919,-10.490722,-20.10944,-11.197769,-3.4678302,250.01903179729976,0.1841099330357143,950.8352405246521,1
-175.28569,38.996,-36.87486,-34.680496,22.312656,-9.648567,-16.332352,5.1283045,-9.038811,4.5858765,-15.523121,3.2453294,-15.60977,276.4195202838639,0.241302490234375,1349.8326016547994,1
-145.65538,28.321674,-28.795769,-25.285461,15.307497,-5.580819,-13.139351,1.7863183,-4.6345787,2.0498576,-10.928886,1.2808009,-11.969244,276.4817653517008,0.27130126953125,1457.8465310129561,1
-175.29187,38.986694,-36.883133,-34.686546,22.305075,-9.656791,-16.340242,5.120022,-9.047028,4.578488,-15.532776,3.2359946,-15.618157,276.41954331035436,0.241302490234375,1349.9185546736198,1
-216.84027,69.81296,-48.30549,-20.381117,-12.388926,30.473404,-43.56875,23.322514,-26.014532,17.737547,-19.28577,4.201163,-7.0506883,246.33181316389647,0.215606689453125,1171.032912237034,1
-212.84142,33.21086,-50.833344,-16.855545,21.762543,-23.578812,-3.6609106,0.62085617,-6.536172,-6.3252287,-11.109447,-1.8424549,-12.919106,306.90411656324136,0.26526641845703125,1382.3920623884178,1
-173.52664,39.84974,-37.065193,-34.880234,22.244612,-9.800434,-16.518814,4.985008,-9.082286,4.5576434,-15.62628,2.9446487,-15.715101,275.29426761916295,0.2413330078125,1345.1428174202313,1
-203.65529,38.150303,-38.25216,-34.55724,22.394657,-10.393507,-15.964377,6.078905,-10.357767,3.799107,-15.009664,3.8477705,-15.489279,276.34754130882703,0.24125231726694915,1358.9081786108727,1
-182.89185,55.136276,-31.717503,-49.51979,0.1656077,11.415182,-20.46798,7.393897,1.7374783,-1.3732191,-22.136343,-15.020917,3.7667584,231.3907948180243,0.2016342298119469,1118.477422257167,1
-152.9799,41.123116,-26.03698,-39.111492,-0.39182693,8.681751,-13.177135,4.55709,3.7397404,-1.7021847,-19.23778,-13.664272,3.5457919,231.39468773769957,0.21537092090707965,1249.578541787576,1
-182.89612,55.13519,-31.721073,-49.521027,0.16296722,11.413479,-20.471748,7.3938127,1.7342196,-1.3731449,-22.139778,-15.023689,3.766368,231.39079557772217,0.2016342298119469,1118.4947397845804,1
-225.40157,78.52953,-34.07443,-31.757586,-34.358486,33.682358,-26.859274,7.7797313,-7.4019356,13.860407,-9.096019,-15.693351,-19.536562,206.6378704819232,0.17398800470132744,962.5836248236047,1
-218.09276,49.60969,-46.244473,-40.461914,14.388295,-1.6694916,-15.261984,15.196768,-10.694117,-13.258742,-23.73057,11.942862,-1.7330183,260.61908975882596,0.22680448008849557,1166.9803949481982,1
-182.36902,55.61126,-31.584038,-49.533634,0.08387757,11.193961,-20.630781,7.378437,1.6767141,-1.3727378,-22.18638,-15.003221,3.7467592,232.1167942768438,0.20173793556415928,1117.3954699485253,1
-211.60934,55.541912,-31.230902,-49.214134,0.45999005,10.002338,-20.863407,7.8198233,1.5491134,-2.117386,-21.735243,-15.004154,3.4205077,232.69005931420728,0.19991561741504854,1107.4980414878476,1
-64.88194,-20.999617,-51.011646,20.657621,-10.907411,-4.179439,15.597313,-22.05358,-18.473082,22.235464,-17.96842,-8.981185,-8.029469,347.6473415632292,0.3934326171875,1580.4122008225615,1
-61.133545,-19.512877,-48.609455,21.022356,-10.337279,-4.3530955,15.461479,-21.859238,-17.840097,21.810122,-17.134977,-8.753542,-7.127134,347.6451301886716,0.3933308919270833,1583.4341729689338,1
-64.88203,-20.999704,-51.012463,20.65705,-10.9080925,-4.17982,15.596517,-22.053354,-18.472353,22.235435,-17.968979,-8.98142,-8.02924,347.6473374862653,0.3934326171875,1580.411692238947,1
-96.837,16.905518,-82.54708,37.674946,-25.85821,8.176238,-5.3381157,25.220573,-53.547596,17.258825,-4.588653,-0.7541744,-13.4262495,298.9956138712258,0.3269246419270833,1397.1783165925408,1
-97.82892,-33.34386,-42.335926,26.475306,-19.120272,9.776713,1.2013973,-29.921738,12.370915,-1.0621203,-25.619087,5.853255,-8.705604,381.3030859472603,0.4122314453125,1721.166097939298,1
-58.24599,-18.918068,-52.74528,19.915958,-10.313367,-3.64031,14.184461,-24.716042,-19.986609,21.473083,-17.515562,-8.120872,-7.794351,352.1757721791943,0.3904012044270833,1575.6124519726343,1
-80.587555,-19.691172,-51.862865,21.484755,-11.370795,-4.595377,14.984116,-23.198492,-18.456144,20.954271,-18.904495,-7.8332014,-7.956102,357.38111717045126,0.36259321732954547,1570.1012992982107,1
-80.32045,83.589615,-23.517601,-19.847647,-7.1289086,-2.6105459,-28.880053,-3.5994716,10.541467,-11.14114,-20.561964,-25.042873,-2.383995,345.10607808322885,0.1370067107371795,908.4306210907171,1
-73.25157,77.71119,-20.693058,-19.225956,-6.677733,-3.2851458,-27.133078,-3.5909076,10.5239315,-10.507232,-20.297539,-24.262718,-2.2174416,345.10329328430015,0.1391726762820513,945.4527650335748,1
-80.32108,83.588524,-23.5187,-19.848478,-7.1298313,-2.6116295,-28.880402,-3.6006575,10.540513,-11.141515,-20.562727,-25.0439,-2.384585,345.10607872417404,0.1370067107371795,908.4343660955744,1
-129.17857,117.24638,-36.781788,5.3521924,-34.541546,26.856783,-38.3483,-4.2576256,-13.356128,18.072956,-20.07542,-7.098535,-37.941452,307.46294686043,0.09587840544871795,761.6771000794495,1
-119.76391,77.77797,-36.251743,-14.658821,-8.999688,-10.008264,-27.700922,18.38926,-13.496533,-23.899012,-24.29243,1.9718119,3.726237,387.2369616645122,0.15265675080128205,958.1722523069454,1
-78.6229,83.895454,-23.46691,-19.856964,-7.2678504,-2.6359966,-28.364698,-3.6437922,10.024671,-11.601267,-20.590952,-24.667482,-2.2797344,344.9231569006949,0.13701923076923078,910.1815719644463,1
-106.23012,86.42878,-22.322144,-18.740013,-4.996415,-2.2050555,-29.087532,-3.7202847,9.886485,-11.440633,-19.290888,-24.474577,-3.7491145,344.90191353352907,0.11615668402777778,877.0361801248947,1
12.613038,40.91632,-69.70781,-41.22252,-3.7800019,3.466662,-23.680037,14.114462,-11.17508,-9.6626215,-26.544744,1.636528,-5.502151,295.92445539728254,0.22760564630681818,1245.5739276590864,1
14.251496,40.701576,-67.85609,-41.12804,-2.3212397,3.4172547,-22.156958,13.844586,-9.721912,-9.813523,-25.306757,1.526379,-4.324983,295.9257130501097,0.23218883167613635,1249.8520223670673,1
12.6125145,40.91526,-69.70875,-41.223637,-3.7810135,3.4655638,-23.681269,14.113499,-11.176242,-9.663874,-26.545738,1.6353583,-5.503255,295.9244515885153,0.22760564630681818,1245.576360973088,1
-48.060184,86.28984,-91.4532,-13.803839,-49.413956,41.925953,-50.45277,27.888311,-21.196009,18.620064,-31.953564,-3.7546275,-16.476625,267.98109846271785,0.21198064630681818,1115.8061948030518,1
-22.351948,24.669716,-77.21182,-32.792694,8.976804,-11.193844,-9.38474,6.539358,-21.668343,-17.57843,-9.6809845,5.095405,-10.111073,330.88108324883194,0.2631891424005682,1341.6007647105473,1
13.030631,41.50449,-69.25835,-40.78219,-3.5200057,3.6280787,-23.327105,14.285813,-11.02579,-9.492544,-26.384815,1.6925178,-5.306656,298.3220154193275,0.22771107066761365,1244.3130614834067,1
-22.011534,40.796776,-69.905556,-40.78704,-5.0738225,4.196035,-21.680021,14.861074,-10.919947,-9.580545,-25.5419,2.4538999,-4.802554,290.92833807090324,0.22977294921875,1248.4616336107345,1
